<?xml version="1.0" encoding="UTF-8"?>

<Bundle xmlns="http://hl7.org/fhir">
  <id value="Toujeo300U-ml-SoloStar-EE"/>
  <meta>
    <versionId value="1"/>
    <lastUpdated value="2022-08-23T06:28:29.959+00:00"/>
  </meta>
  <type value="transaction"/>
  <entry>
    <resource>
      <MedicinalProductDefinition>
        <id value="Toujeo-300units-ml-solinj-pen-EE-MPD"/>
        <text>
          <status value="generated"/><div xmlns="http://www.w3.org/1999/xhtml"><p><b>Generated Narrative: MedicinalProductDefinition</b></p><div style="display: inline-block; background-color: #d9e0e7; padding: 6px; margin: 4px; border: 1px solid #8da1b4; border-radius: 5px; line-height: 60%"><p style="margin-bottom: 0px">Resource MedicinalProductDefinition "Toujeo-300units-ml-solinj-pen-EE-MPD" </p></div><p><b>identifier</b>: id: EE-ML6602-32176</p><p><b>domain</b>: Human use <span style="background: LightGoldenRodYellow; margin: 4px; border: 1px solid khaki"> (100000000004#100000000027)</span></p><p><b>status</b>: Current <span style="background: LightGoldenRodYellow; margin: 4px; border: 1px solid khaki"> (200000005003#200000005004)</span></p><p><b>legalStatusOfSupply</b>: Medicinal product subject to medical prescription <span style="background: LightGoldenRodYellow; margin: 4px; border: 1px solid khaki"> (100000072051#100000072084)</span></p><p><b>classification</b>: Insulin glargine  <span style="background: LightGoldenRodYellow; margin: 4px; border: 1px solid khaki"> (100000093533#100000094023; <a href="http://terminology.hl7.org/3.0.0/CodeSystem-atc.html">WHO ATC</a>#A10AE04 "Insulin glargine")</span></p><blockquote><p><b>name</b></p><p><b>productName</b>: Toujeo SoloStar 300 ühikut/ml, süstelahus pen-süstlis</p><blockquote><p><b>namePart</b></p><p><b>part</b>: Toujeo SoloStar</p><p><b>type</b>: Invented Name Part <span style="background: LightGoldenRodYellow; margin: 4px; border: 1px solid khaki"> (220000000000#220000000002)</span></p></blockquote><blockquote><p><b>namePart</b></p><p><b>part</b>: 300 ühikut/ml</p><p><b>type</b>: Strength part <span style="background: LightGoldenRodYellow; margin: 4px; border: 1px solid khaki"> (220000000000#220000000004)</span></p></blockquote><blockquote><p><b>namePart</b></p><p><b>part</b>: süstelahus pen-süstlis</p><p><b>type</b>: Pharmaceutical dose form part <span style="background: LightGoldenRodYellow; margin: 4px; border: 1px solid khaki"> (220000000000#220000000005)</span></p></blockquote><h3>CountryLanguages</h3><table class="grid"><tr><td>-</td><td><b>Country</b></td><td><b>Language</b></td></tr><tr><td>*</td><td>Republic of Estonia <span style="background: LightGoldenRodYellow; margin: 4px; border: 1px solid khaki"> (100000000002#100000000388)</span></td><td>Estonian <span style="background: LightGoldenRodYellow; margin: 4px; border: 1px solid khaki"> (100000072057#100000072172)</span></td></tr></table></blockquote></div>
        </text>
        <extension url="http://ema.europa.eu/fhir/extension/authorisedDoseForm">
          <valueCoding>
            <system value="https://spor.ema.europa.eu/v1/lists/200000000004"/>
            <code value="100000073863"/>
            <display value="Solution for injection "/>
          </valueCoding>
        </extension>
        <identifier>
          <system value="http://ema.europa.eu/fhir/mpId"/>
          <value value="EE-ML6602-32176"/>
        </identifier>
        <domain>
          <coding>
            <system value="https://spor.ema.europa.eu/v1/lists/100000000004"/>
            <code value="100000000027"/>
            <display value="Human use"/>
          </coding>
        </domain>
        <status>
          <coding>
            <system value="https://spor.ema.europa.eu/v1/lists/200000005003"/>
            <code value="200000005004"/>
            <display value="Current"/>
          </coding>
        </status>
        <legalStatusOfSupply>
          <coding>
            <system value="https://spor.ema.europa.eu/v1/lists/100000072051"/>
            <code value="100000072084"/>
            <display value="Medicinal product subject to medical prescription"/>
          </coding>
        </legalStatusOfSupply>
        <classification>
          <coding>
            <system value="https://spor.ema.europa.eu/v1/lists/100000093533"/>
            <code value="100000094023"/>
            <display value="Insulin glargine "/>
          </coding>
          <coding>
            <system value="http://www.whocc.no/atc"/>
            <code value="A10AE04"/>
            <display value="Insulin glargine"/>
          </coding>
        </classification>
        <name>
          <productName value="Toujeo SoloStar 300 ühikut/ml, süstelahus pen-süstlis"/>
          <namePart>
            <part value="Toujeo SoloStar"/>
            <type>
              <coding>
                <system value="https://spor.ema.europa.eu/v1/lists/220000000000"/>
                <code value="220000000002"/>
                <display value="Invented Name Part"/>
              </coding>
            </type>
          </namePart>
          <namePart>
            <part value="300 ühikut/ml"/>
            <type>
              <coding>
                <system value="https://spor.ema.europa.eu/v1/lists/220000000000"/>
                <code value="220000000004"/>
                <display value="Strength part"/>
              </coding>
            </type>
          </namePart>
          <namePart>
            <part value="süstelahus pen-süstlis"/>
            <type>
              <coding>
                <system value="https://spor.ema.europa.eu/v1/lists/220000000000"/>
                <code value="220000000005"/>
                <display value="Pharmaceutical dose form part"/>
              </coding>
            </type>
          </namePart>
          <countryLanguage>
            <country>
              <coding>
                <system value="https://spor.ema.europa.eu/v1/lists/100000000002"/>
                <code value="100000000388"/>
                <display value="Republic of Estonia"/>
              </coding>
            </country>
            <language>
              <coding>
                <system value="https://spor.ema.europa.eu/v1/lists/100000072057"/>
                <code value="100000072172"/>
                <display value="Estonian"/>
              </coding>
            </language>
          </countryLanguage>
        </name>
      </MedicinalProductDefinition>
    </resource>
    <request>
      <method value="PUT"/>
      <url value="MedicinalProductDefinition/Toujeo-300units-ml-solinj-pen-EE-MPD"/>
    </request>
  </entry>
  <entry>
    <resource>
      <RegulatedAuthorization>
        <id value="Toujeo-300units-ml-solinj-pen-EE-RA"/>
        <text>
          <status value="generated"/><div xmlns="http://www.w3.org/1999/xhtml"><p><b>Generated Narrative: RegulatedAuthorization</b></p><div style="display: inline-block; background-color: #d9e0e7; padding: 6px; margin: 4px; border: 1px solid #8da1b4; border-radius: 5px; line-height: 60%"><p style="margin-bottom: 0px">Resource RegulatedAuthorization "Toujeo-300units-ml-solinj-pen-EE-RA" </p></div><p><b>identifier</b>: id: EU/1/00/133</p><p><b>subject</b>: <a href="#MedicinalProductDefinition_Toujeo-300units-ml-solinj-pen-EE-MPD">See above (MedicinalProductDefinition/Toujeo-300units-ml-solinj-pen-EE-MPD)</a></p><p><b>type</b>: Marketing Authorisation <span style="background: LightGoldenRodYellow; margin: 4px; border: 1px solid khaki"> (220000000060#220000000061)</span></p><p><b>region</b>: Republic of Estonia <span style="background: LightGoldenRodYellow; margin: 4px; border: 1px solid khaki"> (100000000002#100000000388)</span></p><p><b>status</b>: Valid - Renewed/Varied <span style="background: LightGoldenRodYellow; margin: 4px; border: 1px solid khaki"> (100000072049#200000017708)</span></p><p><b>statusDate</b>: 2015-02-17</p><p><b>holder</b>: <span>: Sanofi-Aventis Deutschland GmbH</span></p></div>
        </text>
        <identifier>
          <system value="http://ema.europa.eu/fhir/marketingAuthorizationNumber"/>
          <value value="EU/1/00/133"/>
        </identifier>
        <subject>
          <reference value="MedicinalProductDefinition/Toujeo-300units-ml-solinj-pen-EE-MPD"/>
        </subject>
        <type>
          <coding>
            <system value="https://spor.ema.europa.eu/v1/lists/220000000060"/>
            <code value="220000000061"/>
            <display value="Marketing Authorisation"/>
          </coding>
        </type>
        <region>
          <coding>
            <system value="https://spor.ema.europa.eu/v1/lists/100000000002"/>
            <code value="100000000388"/>
            <display value="Republic of Estonia"/>
          </coding>
        </region>
        <status>
          <coding>
            <system value="https://spor.ema.europa.eu/v1/lists/100000072049"/>
            <code value="200000017708"/>
            <display value="Valid - Renewed/Varied"/>
          </coding>
        </status>
        <statusDate value="2015-02-17"/>
        <holder>
          <identifier>
            <system value="https://spor.ema.europa.eu/v1/locations"/>
            <value value="LOC-ML6602"/>
          </identifier>
          <display value="Sanofi-Aventis Deutschland GmbH"/>
        </holder>
      </RegulatedAuthorization>
    </resource>
    <request>
      <method value="PUT"/>
      <url value="RegulatedAuthorization/Toujeo-300units-ml-solinj-pen-EE-RA"/>
    </request>
  </entry>
  <entry>
    <resource>
      <AdministrableProductDefinition>
        <id value="Toujeo-300units-ml-solinj-pen-EE-APD"/>
        <text>
          <status value="generated"/><div xmlns="http://www.w3.org/1999/xhtml"><p><b>Generated Narrative: AdministrableProductDefinition</b></p><div style="display: inline-block; background-color: #d9e0e7; padding: 6px; margin: 4px; border: 1px solid #8da1b4; border-radius: 5px; line-height: 60%"><p style="margin-bottom: 0px">Resource AdministrableProductDefinition "Toujeo-300units-ml-solinj-pen-EE-APD" </p></div><p><b>status</b>: active</p><p><b>formOf</b>: <a href="#MedicinalProductDefinition_Toujeo-300units-ml-solinj-pen-EE-MPD">See above (MedicinalProductDefinition/Toujeo-300units-ml-solinj-pen-EE-MPD)</a></p><p><b>administrableDoseForm</b>: Solution for injection <span style="background: LightGoldenRodYellow; margin: 4px; border: 1px solid khaki"> (200000000004#100000073863)</span></p><p><b>unitOfPresentation</b>: Pen <span style="background: LightGoldenRodYellow; margin: 4px; border: 1px solid khaki"> (200000000014#200000002135)</span></p><p><b>producedFrom</b>: <a href="#ManufacturedItemDefinition_Toujeo-300units-ml-solinj-pen-EE-MID">See above (ManufacturedItemDefinition/Toujeo-300units-ml-solinj-pen-EE-MID)</a></p><h3>RouteOfAdministrations</h3><table class="grid"><tr><td>-</td><td><b>Code</b></td></tr><tr><td>*</td><td>Subcutaneous use <span style="background: LightGoldenRodYellow; margin: 4px; border: 1px solid khaki"> (100000073345#100000073633)</span></td></tr></table></div>
        </text>
        <status value="active"/>
        <formOf>
          <reference value="MedicinalProductDefinition/Toujeo-300units-ml-solinj-pen-EE-MPD"/>
        </formOf>
        <administrableDoseForm>
          <coding>
            <system value="https://spor.ema.europa.eu/v1/lists/200000000004"/>
            <code value="100000073863"/>
            <display value="Solution for injection"/>
          </coding>
        </administrableDoseForm>
        <unitOfPresentation>
          <coding>
            <system value="https://spor.ema.europa.eu/v1/lists/200000000014"/>
            <code value="200000002135"/>
            <display value="Pen"/>
          </coding>
        </unitOfPresentation>
        <producedFrom>
          <reference value="ManufacturedItemDefinition/Toujeo-300units-ml-solinj-pen-EE-MID"/>
        </producedFrom>
        <routeOfAdministration>
          <code>
            <coding>
              <system value="https://spor.ema.europa.eu/v1/lists/100000073345"/>
              <code value="100000073633"/>
              <display value="Subcutaneous use"/>
            </coding>
          </code>
        </routeOfAdministration>
      </AdministrableProductDefinition>
    </resource>
    <request>
      <method value="PUT"/>
      <url value="AdministrableProductDefinition/Toujeo-300units-ml-solinj-pen-EE-APD"/>
    </request>
  </entry>
  <entry>
    <resource>
      <ManufacturedItemDefinition>
        <id value="Toujeo-300units-ml-solinj-pen-EE-MID"/>
        <text>
          <status value="generated"/><div xmlns="http://www.w3.org/1999/xhtml"><p><b>Generated Narrative: ManufacturedItemDefinition</b></p><div style="display: inline-block; background-color: #d9e0e7; padding: 6px; margin: 4px; border: 1px solid #8da1b4; border-radius: 5px; line-height: 60%"><p style="margin-bottom: 0px">Resource ManufacturedItemDefinition "Toujeo-300units-ml-solinj-pen-EE-MID" </p></div><p><b>status</b>: active</p><p><b>manufacturedDoseForm</b>: Solution for injection <span style="background: LightGoldenRodYellow; margin: 4px; border: 1px solid khaki"> (200000000004#100000073863)</span></p><p><b>unitOfPresentation</b>: Pen <span style="background: LightGoldenRodYellow; margin: 4px; border: 1px solid khaki"> (200000000014#200000002135)</span></p></div>
        </text>
        <status value="active"/>
        <manufacturedDoseForm>
          <coding>
            <system value="https://spor.ema.europa.eu/v1/lists/200000000004"/>
            <code value="100000073863"/>
            <display value="Solution for injection"/>
          </coding>
        </manufacturedDoseForm>
        <unitOfPresentation>
          <coding>
            <system value="https://spor.ema.europa.eu/v1/lists/200000000014"/>
            <code value="200000002135"/>
            <display value="Pen"/>
          </coding>
        </unitOfPresentation>
      </ManufacturedItemDefinition>
    </resource>
    <request>
      <method value="PUT"/>
      <url value="ManufacturedItemDefinition/Toujeo-300units-ml-solinj-pen-EE-MID"/>
    </request>
  </entry>
  <entry>
    <resource>
      <Ingredient>
        <id value="Toujeo-300units-ml-solinj-pen-EE-I"/>
        <text>
          <status value="generated"/><div xmlns="http://www.w3.org/1999/xhtml"><p><b>Generated Narrative: Ingredient</b></p><div style="display: inline-block; background-color: #d9e0e7; padding: 6px; margin: 4px; border: 1px solid #8da1b4; border-radius: 5px; line-height: 60%"><p style="margin-bottom: 0px">Resource Ingredient "Toujeo-300units-ml-solinj-pen-EE-I" </p></div><p><b>status</b>: active</p><p><b>for</b>: </p><ul><li><a href="#MedicinalProductDefinition_Toujeo-300units-ml-solinj-pen-EE-MPD">See above (MedicinalProductDefinition/Toujeo-300units-ml-solinj-pen-EE-MPD)</a></li><li><a href="#ManufacturedItemDefinition_Toujeo-300units-ml-solinj-pen-EE-MID">See above (ManufacturedItemDefinition/Toujeo-300units-ml-solinj-pen-EE-MID)</a></li><li><a href="#AdministrableProductDefinition_Toujeo-300units-ml-solinj-pen-EE-APD">See above (AdministrableProductDefinition/Toujeo-300units-ml-solinj-pen-EE-APD)</a></li></ul><p><b>role</b>: Active <span style="background: LightGoldenRodYellow; margin: 4px; border: 1px solid khaki"> (100000072050#100000072072)</span></p><blockquote><p><b>substance</b></p></blockquote><p><b style="color: maroon">Exception generating Narrative: null</b></p></div>
        </text>
        <status value="active"/>
        <for>
          <reference value="MedicinalProductDefinition/Toujeo-300units-ml-solinj-pen-EE-MPD"/>
        </for>
        <for>
          <reference value="ManufacturedItemDefinition/Toujeo-300units-ml-solinj-pen-EE-MID"/>
        </for>
        <for>
          <reference value="AdministrableProductDefinition/Toujeo-300units-ml-solinj-pen-EE-APD"/>
        </for>
        <role>
          <coding>
            <system value="https://spor.ema.europa.eu/v1/lists/100000072050"/>
            <code value="100000072072"/>
            <display value="Active"/>
          </coding>
        </role>
        <substance>
          <code>
            <concept>
              <coding>
                <system value="https://spor.ema.europa.eu/v2/SubstanceDefinition"/>
                <code value="100000085460"/>
                <display value="Insulin glargine"/>
              </coding>
            </concept>
          </code>
          <strength>
            <concentrationRatio>
              <numerator>
                <value value="10.91"/>
                <comparator>
                  <extension url="http://ema.europa.eu/fhir/extension/comparator">
                    <valueCoding>
                      <system value="https://spor.ema.europa.eu/v1/lists/100000000008"/>
                      <code value="100000000049"/>
                      <display value="equal to"/>
                    </valueCoding>
                  </extension>
                </comparator>
                <unit value=" milligram(s)"/>
                <system value="https://spor.ema.europa.eu/v1/lists/100000110633"/>
                <code value="100000110655"/>
              </numerator>
              <denominator>
                <value value="1"/>
                <unit value="millilitre(s)"/>
                <system value="https://spor.ema.europa.eu/v1/lists/100000110633"/>
                <code value="100000110662"/>
              </denominator>
            </concentrationRatio>
          </strength>
        </substance>
      </Ingredient>
    </resource>
    <request>
      <method value="PUT"/>
      <url value="Ingredient/Toujeo-300units-ml-solinj-pen-EE-I"/>
    </request>
  </entry>
  <entry>
    <resource>
      <PackagedProductDefinition>
        <id value="Toujeo-300units-ml-solinj-pen-EE-PPD-1684043"/>
        <text>
          <status value="extensions"/><div xmlns="http://www.w3.org/1999/xhtml"><p><b>Generated Narrative: PackagedProductDefinition</b></p><div style="display: inline-block; background-color: #d9e0e7; padding: 6px; margin: 4px; border: 1px solid #8da1b4; border-radius: 5px; line-height: 60%"><p style="margin-bottom: 0px">Resource PackagedProductDefinition "Toujeo-300units-ml-solinj-pen-EE-PPD-1684043" </p></div><p><b>Extension Definition for PackagedProductDefinition.containedItemQuantity for Version 5.0</b>: 5 Pen<span style="background: LightGoldenRodYellow"> (Details: http://spor.ema.europa.eu/v1/lists/200000000014 code 200000002135 = '200000002135')</span></p><p><b>identifier</b>: id: EE-ML6602-32176-1684043</p><p><b>packageFor</b>: <a href="#MedicinalProductDefinition_Toujeo-300units-ml-solinj-pen-EE-MPD">See above (MedicinalProductDefinition/Toujeo-300units-ml-solinj-pen-EE-MPD)</a></p><p><b>description</b>: Kolbampull (I tüüpi värvitu klaas) halli värvi kolvi (broombutüülkumm), pealdisega (alumiiniumäärik) ja korgiga (polüisopreenlaminaat ja broombutüülkumm). Kolbampull on  paigaldatud mittetäidetavasse pen-süstlisse. Üks kolbampull sisaldab 1,5 ml lahust.</p><blockquote><p><b>package</b></p><p><b>type</b>: Box <span style="background: LightGoldenRodYellow; margin: 4px; border: 1px solid khaki"> (100000073346#100000073498)</span></p><p><b>quantity</b>: 1</p><p><b>material</b>: Cardboard <span style="background: LightGoldenRodYellow; margin: 4px; border: 1px solid khaki"> (200000003199#200000003529)</span></p><blockquote><p><b>package</b></p><p><b>type</b>: Cartridge <span style="background: LightGoldenRodYellow; margin: 4px; border: 1px solid khaki"> (100000073346#100000073503)</span></p><p><b>quantity</b>: 1</p><p><b>material</b>: Glass type I <span style="background: LightGoldenRodYellow; margin: 4px; border: 1px solid khaki"> (200000003199#200000003204)</span></p></blockquote></blockquote></div>
        </text>
        <extension url="http://hl7.org/fhir/5.0/StructureDefinition/extension-PackagedProductDefinition.containedItemQuantity">
          <valueQuantity>
            <value value="5"/>
            <unit value="Pen"/>
            <system value="http://spor.ema.europa.eu/v1/lists/200000000014"/>
            <code value="200000002135"/>
          </valueQuantity>
        </extension>
        <identifier>
          <system value="http://ema.europa.eu/example/pcid"/>
          <value value="EE-ML6602-32176-1684043"/>
        </identifier>
        <packageFor>
          <reference value="MedicinalProductDefinition/Toujeo-300units-ml-solinj-pen-EE-MPD"/>
        </packageFor>
        <description value="Kolbampull (I tüüpi värvitu klaas) halli värvi kolvi (broombutüülkumm), pealdisega (alumiiniumäärik) ja korgiga (polüisopreenlaminaat ja broombutüülkumm). Kolbampull on  paigaldatud mittetäidetavasse pen-süstlisse. Üks kolbampull sisaldab 1,5 ml lahust.">
          <extension url="http://ema.europa.eu/fhir/extension/language">
            <valueCoding>
              <system value="https://spor.ema.europa.eu/v1/lists/100000072057"/>
              <code value="100000072172"/>
              <display value="Estonian"/>
            </valueCoding>
          </extension>
        </description>
        <marketingStatus>
          <country>
            <coding>
              <system value="https://spor.ema.europa.eu/v1/lists/100000000002"/>
              <code value="100000000388"/>
              <display value="Republic of Estonia"/>
            </coding>
          </country>
          <status>
            <coding>
              <system value="https://spor.ema.europa.eu/v1/lists/100000072052"/>
              <code value="100000072083"/>
              <display value="Marketed"/>
            </coding>
          </status>
        </marketingStatus>
        <package>
          <type>
            <coding>
              <system value="https://spor.ema.europa.eu/v1/lists/100000073346"/>
              <code value="100000073498"/>
              <display value="Box"/>
            </coding>
          </type>
          <quantity value="1"/>
          <material>
            <coding>
              <system value="https://spor.ema.europa.eu/v1/lists/200000003199"/>
              <code value="200000003529"/>
              <display value="Cardboard"/>
            </coding>
          </material>
          <package>
            <type>
              <coding>
                <system value="https://spor.ema.europa.eu/v1/lists/100000073346"/>
                <code value="100000073503"/>
                <display value="Cartridge"/>
              </coding>
            </type>
            <quantity value="1"/>
            <material>
              <coding>
                <system value="https://spor.ema.europa.eu/v1/lists/200000003199"/>
                <code value="200000003204"/>
                <display value="Glass type I"/>
              </coding>
            </material>
            <containedItem>
              <item>
                <reference>
                  <reference value="ManufacturedItemDefinition/Toujeo-300units-ml-solinj-pen-EE-MID"/>
                </reference>
              </item>
              <amount>
                <value value="1.5"/>
                <unit value="millilitres(s)"/>
                <system value="https://spor.ema.europa.eu/v1/lists/100000110633"/>
                <code value="100000110662"/>
              </amount>
            </containedItem>
          </package>
        </package>
      </PackagedProductDefinition>
    </resource>
    <request>
      <method value="PUT"/>
      <url value="PackagedProductDefinition/Toujeo-300units-ml-solinj-pen-EE-PPD-1684043"/>
    </request>
  </entry>
</Bundle>