<?xml version="1.0" encoding="UTF-8"?>

<Bundle xmlns="http://hl7.org/fhir">
  <id value="Amoksiklav-1000mg-200mg-EE"/>
  <meta>
    <versionId value="1"/>
    <lastUpdated value="2022-08-23T06:28:26.645+00:00"/>
  </meta>
  <type value="transaction"/>
  <entry>
    <resource>
      <MedicinalProductDefinition>
        <id value="Amoksiklav-1000mg-200mg-pdr-solinj-inf-EE-MPD"/>
        <text>
          <status value="generated"/><div xmlns="http://www.w3.org/1999/xhtml"><p><b>Generated Narrative: MedicinalProductDefinition</b></p><div style="display: inline-block; background-color: #d9e0e7; padding: 6px; margin: 4px; border: 1px solid #8da1b4; border-radius: 5px; line-height: 60%"><p style="margin-bottom: 0px">Resource MedicinalProductDefinition "Amoksiklav-1000mg-200mg-pdr-solinj-inf-EE-MPD" </p></div><p><b>identifier</b>: id: EE-100002893-9157</p><p><b>domain</b>: Human use <span style="background: LightGoldenRodYellow; margin: 4px; border: 1px solid khaki"> (100000000004#100000000012)</span></p><p><b>status</b>: Current <span style="background: LightGoldenRodYellow; margin: 4px; border: 1px solid khaki"> (200000005003#200000005004)</span></p><p><b>legalStatusOfSupply</b>: Medicinal product subject to medical prescription <span style="background: LightGoldenRodYellow; margin: 4px; border: 1px solid khaki"> (100000072051#100000072084)</span></p><p><b>classification</b>: amoxicillin and beta-lactamase inhibitor <span style="background: LightGoldenRodYellow; margin: 4px; border: 1px solid khaki"> (100000093533#100000096162; <a href="http://terminology.hl7.org/3.0.0/CodeSystem-atc.html">WHO ATC</a>#J01CR02 "Amoxicillin and beta-lactamase inhibitor")</span></p><blockquote><p><b>name</b></p><p><b>productName</b>: Amoksiklav, 1000 mg/200 mg süste-/infusioonilahuse pulber</p><blockquote><p><b>namePart</b></p><p><b>part</b>: Amoksiklav</p><p><b>type</b>: Invented Name Part <span style="background: LightGoldenRodYellow; margin: 4px; border: 1px solid khaki"> (220000000000#220000000002)</span></p></blockquote><blockquote><p><b>namePart</b></p><p><b>part</b>: 1000mg/200mg</p><p><b>type</b>: Strength part <span style="background: LightGoldenRodYellow; margin: 4px; border: 1px solid khaki"> (220000000000#220000000004)</span></p></blockquote><blockquote><p><b>namePart</b></p><p><b>part</b>: süste-/infusioonilahuse pulber</p><p><b>type</b>: Pharmaceutical dose form part <span style="background: LightGoldenRodYellow; margin: 4px; border: 1px solid khaki"> (220000000000#220000000005)</span></p></blockquote><h3>CountryLanguages</h3><table class="grid"><tr><td>-</td><td><b>Country</b></td><td><b>Language</b></td></tr><tr><td>*</td><td>Republic of Estonia <span style="background: LightGoldenRodYellow; margin: 4px; border: 1px solid khaki"> (100000000002#100000000388)</span></td><td>Estonian <span style="background: LightGoldenRodYellow; margin: 4px; border: 1px solid khaki"> (100000072057#100000072172)</span></td></tr></table></blockquote></div>
        </text>
        <extension url="http://ema.europa.eu/fhir/extension/authorisedDoseForm">
          <valueCoding>
            <system value="https://spor.ema.europa.eu/v1/lists/200000000004"/>
            <code value="100000116186"/>
            <display value="Powder for solution for injection/infusion"/>
          </valueCoding>
        </extension>
        <identifier>
          <system value="http://ema.europa.eu/fhir/mpId"/>
          <value value="EE-100002893-9157"/>
        </identifier>
        <domain>
          <coding>
            <system value="https://spor.ema.europa.eu/v1/lists/100000000004"/>
            <code value="100000000012"/>
            <display value="Human use"/>
          </coding>
        </domain>
        <status>
          <coding>
            <system value="https://spor.ema.europa.eu/v1/lists/200000005003"/>
            <code value="200000005004"/>
            <display value="Current"/>
          </coding>
        </status>
        <legalStatusOfSupply>
          <coding>
            <system value="https://spor.ema.europa.eu/v1/lists/100000072051"/>
            <code value="100000072084"/>
            <display value="Medicinal product subject to medical prescription"/>
          </coding>
        </legalStatusOfSupply>
        <classification>
          <coding>
            <system value="https://spor.ema.europa.eu/v1/lists/100000093533"/>
            <code value="100000096162"/>
            <display value="amoxicillin and beta-lactamase inhibitor"/>
          </coding>
          <coding>
            <system value="http://www.whocc.no/atc"/>
            <code value="J01CR02"/>
            <display value="Amoxicillin and beta-lactamase inhibitor"/>
          </coding>
        </classification>
        <name>
          <productName value="Amoksiklav, 1000 mg/200 mg süste-/infusioonilahuse pulber"/>
          <namePart>
            <part value="Amoksiklav"/>
            <type>
              <coding>
                <system value="https://spor.ema.europa.eu/v1/lists/220000000000"/>
                <code value="220000000002"/>
                <display value="Invented Name Part"/>
              </coding>
            </type>
          </namePart>
          <namePart>
            <part value="1000mg/200mg"/>
            <type>
              <coding>
                <system value="https://spor.ema.europa.eu/v1/lists/220000000000"/>
                <code value="220000000004"/>
                <display value="Strength part"/>
              </coding>
            </type>
          </namePart>
          <namePart>
            <part value="süste-/infusioonilahuse pulber"/>
            <type>
              <coding>
                <system value="https://spor.ema.europa.eu/v1/lists/220000000000"/>
                <code value="220000000005"/>
                <display value="Pharmaceutical dose form part"/>
              </coding>
            </type>
          </namePart>
          <countryLanguage>
            <country>
              <coding>
                <system value="https://spor.ema.europa.eu/v1/lists/100000000002"/>
                <code value="100000000388"/>
                <display value="Republic of Estonia"/>
              </coding>
            </country>
            <language>
              <coding>
                <system value="https://spor.ema.europa.eu/v1/lists/100000072057"/>
                <code value="100000072172"/>
                <display value="Estonian"/>
              </coding>
            </language>
          </countryLanguage>
        </name>
      </MedicinalProductDefinition>
    </resource>
    <request>
      <method value="PUT"/>
      <url value="MedicinalProductDefinition/Amoksiklav-1000mg-200mg-pdr-solinj-inf-EE-MPD"/>
    </request>
  </entry>
  <entry>
    <resource>
      <RegulatedAuthorization>
        <id value="Amoksiklav-1000mg-200mg-pdr-solinj-inf-EE-RA"/>
        <text>
          <status value="generated"/><div xmlns="http://www.w3.org/1999/xhtml"><p><b>Generated Narrative: RegulatedAuthorization</b></p><div style="display: inline-block; background-color: #d9e0e7; padding: 6px; margin: 4px; border: 1px solid #8da1b4; border-radius: 5px; line-height: 60%"><p style="margin-bottom: 0px">Resource RegulatedAuthorization "Amoksiklav-1000mg-200mg-pdr-solinj-inf-EE-RA" </p></div><p><b>identifier</b>: id: 149896</p><p><b>subject</b>: <a href="#MedicinalProductDefinition_Amoksiklav-1000mg-200mg-pdr-solinj-inf-EE-MPD">See above (MedicinalProductDefinition/Amoksiklav-1000mg-200mg-pdr-solinj-inf-EE-MPD)</a></p><p><b>type</b>: Marketing Authorisation <span style="background: LightGoldenRodYellow; margin: 4px; border: 1px solid khaki"> (220000000060#220000000061)</span></p><p><b>region</b>: Republic of Estonia <span style="background: LightGoldenRodYellow; margin: 4px; border: 1px solid khaki"> (100000000002#100000000388)</span></p><p><b>status</b>: Valid - Renewed/Varied <span style="background: LightGoldenRodYellow; margin: 4px; border: 1px solid khaki"> (100000072049#200000017708)</span></p><p><b>statusDate</b>: 2013-02-05</p><p><b>holder</b>: <span>: Sandoz Pharmaceuticals d.d.</span></p></div>
        </text>
        <identifier>
          <system value="http://ema.europa.eu/fhir/marketingAuthorizationNumber"/>
          <value value="149896"/>
        </identifier>
        <subject>
          <reference value="MedicinalProductDefinition/Amoksiklav-1000mg-200mg-pdr-solinj-inf-EE-MPD"/>
        </subject>
        <type>
          <coding>
            <system value="https://spor.ema.europa.eu/v1/lists/220000000060"/>
            <code value="220000000061"/>
            <display value="Marketing Authorisation"/>
          </coding>
        </type>
        <region>
          <coding>
            <system value="https://spor.ema.europa.eu/v1/lists/100000000002"/>
            <code value="100000000388"/>
            <display value="Republic of Estonia"/>
          </coding>
        </region>
        <status>
          <coding>
            <system value="https://spor.ema.europa.eu/v1/lists/100000072049"/>
            <code value="200000017708"/>
            <display value="Valid - Renewed/Varied"/>
          </coding>
        </status>
        <statusDate value="2013-02-05"/>
        <holder>
          <identifier>
            <system value="https://spor.ema.europa.eu/v1/locations"/>
            <value value="LOC-100002893"/>
          </identifier>
          <display value="Sandoz Pharmaceuticals d.d."/>
        </holder>
      </RegulatedAuthorization>
    </resource>
    <request>
      <method value="PUT"/>
      <url value="RegulatedAuthorization/Amoksiklav-1000mg-200mg-pdr-solinj-inf-EE-RA"/>
    </request>
  </entry>
  <entry>
    <resource>
      <AdministrableProductDefinition>
        <id value="Amoksiklav-1000mg-200mg-pdr-solinj-inf-EE-APD"/>
        <text>
          <status value="generated"/><div xmlns="http://www.w3.org/1999/xhtml"><p><b>Generated Narrative: AdministrableProductDefinition</b></p><div style="display: inline-block; background-color: #d9e0e7; padding: 6px; margin: 4px; border: 1px solid #8da1b4; border-radius: 5px; line-height: 60%"><p style="margin-bottom: 0px">Resource AdministrableProductDefinition "Amoksiklav-1000mg-200mg-pdr-solinj-inf-EE-APD" </p></div><p><b>status</b>: active</p><p><b>formOf</b>: <a href="#MedicinalProductDefinition_Amoksiklav-1000mg-200mg-pdr-solinj-inf-EE-MPD">See above (MedicinalProductDefinition/Amoksiklav-1000mg-200mg-pdr-solinj-inf-EE-MPD)</a></p><p><b>administrableDoseForm</b>: Solution for injection/infusion <span style="background: LightGoldenRodYellow; margin: 4px; border: 1px solid khaki"> (200000000004#100000074038)</span></p><p><b>unitOfPresentation</b>: Vial <span style="background: LightGoldenRodYellow; margin: 4px; border: 1px solid khaki"> (200000000014#200000002158)</span></p><p><b>producedFrom</b>: <a href="#ManufacturedItemDefinition_Amoksiklav-1000mg-200mg-pdr-solinj-inf-EE-MID">See above (ManufacturedItemDefinition/Amoksiklav-1000mg-200mg-pdr-solinj-inf-EE-MID)</a></p><h3>RouteOfAdministrations</h3><table class="grid"><tr><td>-</td><td><b>Code</b></td></tr><tr><td>*</td><td>Intravenous use <span style="background: LightGoldenRodYellow; margin: 4px; border: 1px solid khaki"> (100000073345#100000073611)</span></td></tr></table></div>
        </text>
        <status value="active"/>
        <formOf>
          <reference value="MedicinalProductDefinition/Amoksiklav-1000mg-200mg-pdr-solinj-inf-EE-MPD"/>
        </formOf>
        <administrableDoseForm>
          <coding>
            <system value="https://spor.ema.europa.eu/v1/lists/200000000004"/>
            <code value="100000074038"/>
            <display value="Solution for injection/infusion"/>
          </coding>
        </administrableDoseForm>
        <unitOfPresentation>
          <coding>
            <system value="https://spor.ema.europa.eu/v1/lists/200000000014"/>
            <code value="200000002158"/>
            <display value="Vial"/>
          </coding>
        </unitOfPresentation>
        <producedFrom>
          <reference value="ManufacturedItemDefinition/Amoksiklav-1000mg-200mg-pdr-solinj-inf-EE-MID"/>
        </producedFrom>
        <routeOfAdministration>
          <code>
            <coding>
              <system value="https://spor.ema.europa.eu/v1/lists/100000073345"/>
              <code value="100000073611"/>
              <display value="Intravenous use"/>
            </coding>
          </code>
        </routeOfAdministration>
      </AdministrableProductDefinition>
    </resource>
    <request>
      <method value="PUT"/>
      <url value="AdministrableProductDefinition/Amoksiklav-1000mg-200mg-pdr-solinj-inf-EE-APD"/>
    </request>
  </entry>
  <entry>
    <resource>
      <ManufacturedItemDefinition>
        <id value="Amoksiklav-1000mg-200mg-pdr-solinj-inf-EE-MID"/>
        <text>
          <status value="generated"/><div xmlns="http://www.w3.org/1999/xhtml"><p><b>Generated Narrative: ManufacturedItemDefinition</b></p><div style="display: inline-block; background-color: #d9e0e7; padding: 6px; margin: 4px; border: 1px solid #8da1b4; border-radius: 5px; line-height: 60%"><p style="margin-bottom: 0px">Resource ManufacturedItemDefinition "Amoksiklav-1000mg-200mg-pdr-solinj-inf-EE-MID" </p></div><p><b>status</b>: active</p><p><b>manufacturedDoseForm</b>: Solution for injection/infusion <span style="background: LightGoldenRodYellow; margin: 4px; border: 1px solid khaki"> (200000000004#100000074038)</span></p><p><b>unitOfPresentation</b>: Vial <span style="background: LightGoldenRodYellow; margin: 4px; border: 1px solid khaki"> (200000000014#200000002158)</span></p></div>
        </text>
        <status value="active"/>
        <manufacturedDoseForm>
          <coding>
            <system value="https://spor.ema.europa.eu/v1/lists/200000000004"/>
            <code value="100000074038"/>
            <display value="Solution for injection/infusion"/>
          </coding>
        </manufacturedDoseForm>
        <unitOfPresentation>
          <coding>
            <system value="https://spor.ema.europa.eu/v1/lists/200000000014"/>
            <code value="200000002158"/>
            <display value="Vial"/>
          </coding>
        </unitOfPresentation>
      </ManufacturedItemDefinition>
    </resource>
    <request>
      <method value="PUT"/>
      <url value="ManufacturedItemDefinition/Amoksiklav-1000mg-200mg-pdr-solinj-inf-EE-MID"/>
    </request>
  </entry>
  <entry>
    <resource>
      <Ingredient>
        <id value="Amoksiklav-1000mg-200mg-pdr-solinj-inf-EE-I-90113"/>
        <text>
          <status value="generated"/><div xmlns="http://www.w3.org/1999/xhtml"><p><b>Generated Narrative: Ingredient</b></p><div style="display: inline-block; background-color: #d9e0e7; padding: 6px; margin: 4px; border: 1px solid #8da1b4; border-radius: 5px; line-height: 60%"><p style="margin-bottom: 0px">Resource Ingredient "Amoksiklav-1000mg-200mg-pdr-solinj-inf-EE-I-90113" </p></div><p><b>status</b>: active</p><p><b>for</b>: </p><ul><li><a href="#MedicinalProductDefinition_Amoksiklav-1000mg-200mg-pdr-solinj-inf-EE-MPD">See above (MedicinalProductDefinition/Amoksiklav-1000mg-200mg-pdr-solinj-inf-EE-MPD)</a></li><li><a href="#ManufacturedItemDefinition_Amoksiklav-1000mg-200mg-pdr-solinj-inf-EE-MID">See above (ManufacturedItemDefinition/Amoksiklav-1000mg-200mg-pdr-solinj-inf-EE-MID)</a></li><li><a href="#AdministrableProductDefinition_Amoksiklav-1000mg-200mg-pdr-solinj-inf-EE-APD">See above (AdministrableProductDefinition/Amoksiklav-1000mg-200mg-pdr-solinj-inf-EE-APD)</a></li></ul><p><b>role</b>: Active <span style="background: LightGoldenRodYellow; margin: 4px; border: 1px solid khaki"> (100000072050#100000072072)</span></p><blockquote><p><b>substance</b></p><blockquote><p><b>strength</b></p><p><b>presentation</b>: </p></blockquote></blockquote><p><b style="color: maroon">Exception generating Narrative: null</b></p></div>
        </text>
        <status value="active"/>
        <for>
          <reference value="MedicinalProductDefinition/Amoksiklav-1000mg-200mg-pdr-solinj-inf-EE-MPD"/>
        </for>
        <for>
          <reference value="ManufacturedItemDefinition/Amoksiklav-1000mg-200mg-pdr-solinj-inf-EE-MID"/>
        </for>
        <for>
          <reference value="AdministrableProductDefinition/Amoksiklav-1000mg-200mg-pdr-solinj-inf-EE-APD"/>
        </for>
        <role>
          <coding>
            <system value="https://spor.ema.europa.eu/v1/lists/100000072050"/>
            <code value="100000072072"/>
            <display value="Active"/>
          </coding>
        </role>
        <substance>
          <code>
            <concept>
              <coding>
                <system value="https://spor.ema.europa.eu/v2/SubstanceDefinition"/>
                <code value="100000090113"/>
                <display value="Amoxicillin sodium"/>
              </coding>
            </concept>
          </code>
          <strength>
            <presentationRatio>
              <numerator>
                <value value="1000"/>
                <comparator>
                  <extension url="http://ema.europa.eu/fhir/extension/comparator">
                    <valueCoding>
                      <system value="https://spor.ema.europa.eu/v1/lists/100000000008"/>
                      <code value="100000000051"/>
                      <display value="more than"/>
                    </valueCoding>
                  </extension>
                </comparator>
                <unit value="milligram(s)"/>
                <system value="https://spor.ema.europa.eu/v1/lists/100000110633"/>
                <code value="100000110655"/>
              </numerator>
              <denominator>
                <value value="1"/>
                <unit value="vial"/>
                <system value="https://spor.ema.europa.eu/v1/lists/200000000014"/>
                <code value="200000002158"/>
              </denominator>
            </presentationRatio>
            <referenceStrength>
              <substance>
                <concept>
                  <coding>
                    <system value="https://spor.ema.europa.eu/v2/SubstanceDefinition"/>
                    <code value="100000091596"/>
                    <display value="Amoxicillin"/>
                  </coding>
                </concept>
              </substance>
              <strengthRatio>
                <numerator>
                  <value value="1000"/>
                  <comparator>
                    <extension url="http://ema.europa.eu/fhir/extension/comparator">
                      <valueCoding>
                        <system value="https://spor.ema.europa.eu/v1/lists/100000000008"/>
                        <code value="100000000049"/>
                        <display value="equal to"/>
                      </valueCoding>
                    </extension>
                  </comparator>
                  <unit value="milligram(s)"/>
                  <system value="https://spor.ema.europa.eu/v1/lists/100000110633"/>
                  <code value="100000110655"/>
                </numerator>
                <denominator>
                  <value value="1"/>
                  <unit value="Vial"/>
                  <system value="https://spor.ema.europa.eu/v1/lists/200000000014"/>
                  <code value="200000002158"/>
                </denominator>
              </strengthRatio>
            </referenceStrength>
          </strength>
        </substance>
      </Ingredient>
    </resource>
    <request>
      <method value="PUT"/>
      <url value="Ingredient/Amoksiklav-1000mg-200mg-pdr-solinj-inf-EE-I-90113"/>
    </request>
  </entry>
  <entry>
    <resource>
      <Ingredient>
        <id value="Amoksiklav-1000mg-200mg-pdr-solinj-inf-EE-I-93061"/>
        <text>
          <status value="generated"/><div xmlns="http://www.w3.org/1999/xhtml"><p><b>Generated Narrative: Ingredient</b></p><div style="display: inline-block; background-color: #d9e0e7; padding: 6px; margin: 4px; border: 1px solid #8da1b4; border-radius: 5px; line-height: 60%"><p style="margin-bottom: 0px">Resource Ingredient "Amoksiklav-1000mg-200mg-pdr-solinj-inf-EE-I-93061" </p></div><p><b>status</b>: active</p><p><b>for</b>: </p><ul><li><a href="#MedicinalProductDefinition_Amoksiklav-1000mg-200mg-pdr-solinj-inf-EE-MPD">See above (MedicinalProductDefinition/Amoksiklav-1000mg-200mg-pdr-solinj-inf-EE-MPD)</a></li><li><a href="#ManufacturedItemDefinition_Amoksiklav-1000mg-200mg-pdr-solinj-inf-EE-MID">See above (ManufacturedItemDefinition/Amoksiklav-1000mg-200mg-pdr-solinj-inf-EE-MID)</a></li><li><a href="#AdministrableProductDefinition_Amoksiklav-1000mg-200mg-pdr-solinj-inf-EE-APD">See above (AdministrableProductDefinition/Amoksiklav-1000mg-200mg-pdr-solinj-inf-EE-APD)</a></li></ul><p><b>role</b>: Active <span style="background: LightGoldenRodYellow; margin: 4px; border: 1px solid khaki"> (100000072050#100000072072)</span></p><blockquote><p><b>substance</b></p><blockquote><p><b>strength</b></p><p><b>presentation</b>: </p></blockquote></blockquote><p><b style="color: maroon">Exception generating Narrative: null</b></p></div>
        </text>
        <status value="active"/>
        <for>
          <reference value="MedicinalProductDefinition/Amoksiklav-1000mg-200mg-pdr-solinj-inf-EE-MPD"/>
        </for>
        <for>
          <reference value="ManufacturedItemDefinition/Amoksiklav-1000mg-200mg-pdr-solinj-inf-EE-MID"/>
        </for>
        <for>
          <reference value="AdministrableProductDefinition/Amoksiklav-1000mg-200mg-pdr-solinj-inf-EE-APD"/>
        </for>
        <role>
          <coding>
            <system value="https://spor.ema.europa.eu/v1/lists/100000072050"/>
            <code value="100000072072"/>
            <display value="Active"/>
          </coding>
        </role>
        <substance>
          <code>
            <concept>
              <coding>
                <system value="https://spor.ema.europa.eu/v2/SubstanceDefinition"/>
                <code value="100000093061"/>
                <display value="Potassium clavulanate"/>
              </coding>
            </concept>
          </code>
          <strength>
            <presentationRatio>
              <numerator>
                <value value="200"/>
                <comparator>
                  <extension url="http://ema.europa.eu/fhir/extension/comparator">
                    <valueCoding>
                      <system value="https://spor.ema.europa.eu/v1/lists/100000000008"/>
                      <code value="100000000051"/>
                      <display value="more than"/>
                    </valueCoding>
                  </extension>
                </comparator>
                <unit value="milligram(s)"/>
                <system value="https://spor.ema.europa.eu/v1/lists/100000110633"/>
                <code value="100000110655"/>
              </numerator>
              <denominator>
                <value value="1"/>
                <unit value="vial"/>
                <system value="https://spor.ema.europa.eu/v1/lists/200000000014"/>
                <code value="200000002158"/>
              </denominator>
            </presentationRatio>
            <referenceStrength>
              <substance>
                <concept>
                  <coding>
                    <system value="https://spor.ema.europa.eu/v2/SubstanceDefinition"/>
                    <code value="100000089842"/>
                    <display value="CLAVULANIC ACID"/>
                  </coding>
                </concept>
              </substance>
              <strengthRatio>
                <numerator>
                  <value value="200"/>
                  <comparator>
                    <extension url="http://ema.europa.eu/fhir/extension/comparator">
                      <valueCoding>
                        <system value="https://spor.ema.europa.eu/v1/lists/100000000008"/>
                        <code value="100000000049"/>
                        <display value="equal to"/>
                      </valueCoding>
                    </extension>
                  </comparator>
                  <unit value="milligram(s)"/>
                  <system value="https://spor.ema.europa.eu/v1/lists/100000110633"/>
                  <code value="100000110655"/>
                </numerator>
                <denominator>
                  <value value="1"/>
                  <unit value="Vial"/>
                  <system value="https://spor.ema.europa.eu/v1/lists/200000000014"/>
                  <code value="200000002158"/>
                </denominator>
              </strengthRatio>
            </referenceStrength>
          </strength>
        </substance>
      </Ingredient>
    </resource>
    <request>
      <method value="PUT"/>
      <url value="Ingredient/Amoksiklav-1000mg-200mg-pdr-solinj-inf-EE-I-93061"/>
    </request>
  </entry>
  <entry>
    <resource>
      <PackagedProductDefinition>
        <id value="Amoksiklav-1000mg-200mg-pdr-solinj-inf-EE-PPD"/>
        <text>
          <status value="extensions"/><div xmlns="http://www.w3.org/1999/xhtml"><p><b>Generated Narrative: PackagedProductDefinition</b></p><div style="display: inline-block; background-color: #d9e0e7; padding: 6px; margin: 4px; border: 1px solid #8da1b4; border-radius: 5px; line-height: 60%"><p style="margin-bottom: 0px">Resource PackagedProductDefinition "Amoksiklav-1000mg-200mg-pdr-solinj-inf-EE-PPD" </p></div><p><b>Extension Definition for PackagedProductDefinition.containedItemQuantity for Version 5.0</b>: 5 vial<span style="background: LightGoldenRodYellow"> (Details: http://spor.ema.europa.eu/v1/lists/200000000014 code 200000002158 = '200000002158')</span></p><p><b>identifier</b>: id: EE-100002893-9157-1017694</p><p><b>packageFor</b>: <a href="#MedicinalProductDefinition_Amoksiklav-1000mg-200mg-pdr-solinj-inf-EE-MPD">See above (MedicinalProductDefinition/Amoksiklav-1000mg-200mg-pdr-solinj-inf-EE-MPD)</a></p><p><b>description</b>: Amoksiklav'i süste-/infusioonilahuse pulber on pakendatud värvitust klaasist viaalidesse ning suletud  kummikorgi ja alumiiniumist korgikaitsega.  Viaalid on pakendatud karpi. 5 viaali karbis.</p><blockquote><p><b>package</b></p><p><b>type</b>: Box <span style="background: LightGoldenRodYellow; margin: 4px; border: 1px solid khaki"> (100000073346#100000073498)</span></p><p><b>quantity</b>: 1</p><p><b>material</b>: Cardboard <span style="background: LightGoldenRodYellow; margin: 4px; border: 1px solid khaki"> (200000003199#200000003529)</span></p><blockquote><p><b>package</b></p><p><b>type</b>: Vial <span style="background: LightGoldenRodYellow; margin: 4px; border: 1px solid khaki"> (100000073346#200000002158)</span></p><p><b>quantity</b>: 5</p><p><b>material</b>: Glass <span style="background: LightGoldenRodYellow; margin: 4px; border: 1px solid khaki"> (200000003199#200000003203)</span></p></blockquote></blockquote></div>
        </text>
        <extension url="http://hl7.org/fhir/5.0/StructureDefinition/extension-PackagedProductDefinition.containedItemQuantity">
          <valueQuantity>
            <value value="5"/>
            <unit value="vial"/>
            <system value="http://spor.ema.europa.eu/v1/lists/200000000014"/>
            <code value="200000002158"/>
          </valueQuantity>
        </extension>
        <identifier>
          <system value="http://ema.europa.eu/example/pcid"/>
          <value value="EE-100002893-9157-1017694"/>
        </identifier>
        <packageFor>
          <reference value="MedicinalProductDefinition/Amoksiklav-1000mg-200mg-pdr-solinj-inf-EE-MPD"/>
        </packageFor>
        <description value="Amoksiklav'i süste-/infusioonilahuse pulber on pakendatud värvitust klaasist viaalidesse ning suletud  kummikorgi ja alumiiniumist korgikaitsega.  Viaalid on pakendatud karpi. 5 viaali karbis.">
          <extension url="http://ema.europa.eu/fhir/extension/language">
            <valueCoding>
              <system value="https://spor.ema.europa.eu/v1/lists/100000072057"/>
              <code value="100000072172"/>
              <display value="Estonian"/>
            </valueCoding>
          </extension>
        </description>
        <marketingStatus>
          <country>
            <coding>
              <system value="https://spor.ema.europa.eu/v1/lists/100000000002"/>
              <code value="100000000388"/>
              <display value="Republic of Estonia"/>
            </coding>
          </country>
          <status>
            <coding>
              <system value="https://spor.ema.europa.eu/v1/lists/100000072052"/>
              <code value="100000072083"/>
              <display value="Marketed"/>
            </coding>
          </status>
        </marketingStatus>
        <package>
          <type>
            <coding>
              <system value="https://spor.ema.europa.eu/v1/lists/100000073346"/>
              <code value="100000073498"/>
              <display value="Box"/>
            </coding>
          </type>
          <quantity value="1"/>
          <material>
            <coding>
              <system value="https://spor.ema.europa.eu/v1/lists/200000003199"/>
              <code value="200000003529"/>
              <display value="Cardboard"/>
            </coding>
          </material>
          <package>
            <type>
              <coding>
                <system value="https://spor.ema.europa.eu/v1/lists/100000073346"/>
                <code value="200000002158"/>
                <display value="Vial"/>
              </coding>
            </type>
            <quantity value="5"/>
            <material>
              <coding>
                <system value="https://spor.ema.europa.eu/v1/lists/200000003199"/>
                <code value="200000003203"/>
                <display value="Glass"/>
              </coding>
            </material>
            <containedItem>
              <item>
                <reference>
                  <reference value="ManufacturedItemDefinition/Amoksiklav-1000mg-200mg-pdr-solinj-inf-EE-MID"/>
                </reference>
              </item>
              <amount>
                <value value="1"/>
              </amount>
            </containedItem>
          </package>
        </package>
      </PackagedProductDefinition>
    </resource>
    <request>
      <method value="PUT"/>
      <url value="PackagedProductDefinition/Amoksiklav-1000mg-200mg-pdr-solinj-inf-EE-PPD"/>
    </request>
  </entry>
</Bundle>