<?xml version="1.0" encoding="UTF-8"?>

<Ingredient xmlns="http://hl7.org/fhir">
  <id value="Paracetamol-Kabi-10mg-1ml-solinj-EE-I"/>
  <text>
    <status value="generated"/><div xmlns="http://www.w3.org/1999/xhtml"><p><b>Generated Narrative: Ingredient</b></p><div style="display: inline-block; background-color: #d9e0e7; padding: 6px; margin: 4px; border: 1px solid #8da1b4; border-radius: 5px; line-height: 60%"><p style="margin-bottom: 0px">Resource Ingredient "Paracetamol-Kabi-10mg-1ml-solinj-EE-I" </p></div><p><b>status</b>: active</p><p><b>for</b>: </p><ul><li><a href="MedicinalProductDefinition-Paracetamol-Kabi-10mg-1ml-solinj-EE-MPD.html">MedicinalProductDefinition/Paracetamol-Kabi-10mg-1ml-solinj-EE-MPD</a></li><li><a href="ManufacturedItemDefinition-Paracetamol-Kabi-10mg-1ml-solinj-EE-MID-1424034.html">ManufacturedItemDefinition/Paracetamol-Kabi-10mg-1ml-solinj-EE-MID-1424034</a></li><li><a href="ManufacturedItemDefinition-Paracetamol-Kabi-10mg-1ml-solinj-EE-MID-1799905.html">ManufacturedItemDefinition/Paracetamol-Kabi-10mg-1ml-solinj-EE-MID-1799905</a></li><li><a href="ManufacturedItemDefinition-Paracetamol-Kabi-10mg-1ml-solinj-EE-MID-1424056.html">ManufacturedItemDefinition/Paracetamol-Kabi-10mg-1ml-solinj-EE-MID-1424056</a></li><li><a href="AdministrableProductDefinition-Paracetamol-Kabi-10mg-1ml-solinj-EE-APD-1424034.html">AdministrableProductDefinition/Paracetamol-Kabi-10mg-1ml-solinj-EE-APD-1424034</a></li><li><a href="AdministrableProductDefinition-Paracetamol-Kabi-10mg-1ml-solinj-EE-APD-1799905.html">AdministrableProductDefinition/Paracetamol-Kabi-10mg-1ml-solinj-EE-APD-1799905</a></li><li><a href="AdministrableProductDefinition-Paracetamol-Kabi-10mg-1ml-solinj-EE-APD-1424056.html">AdministrableProductDefinition/Paracetamol-Kabi-10mg-1ml-solinj-EE-APD-1424056</a></li></ul><p><b>role</b>: Active <span style="background: LightGoldenRodYellow; margin: 4px; border: 1px solid khaki"> (100000072050#100000072072)</span></p><blockquote><p><b>substance</b></p></blockquote><p><b style="color: maroon">Exception generating Narrative: null</b></p></div>
  </text>
  <status value="active"/>
  <for>
    <reference value="MedicinalProductDefinition/Paracetamol-Kabi-10mg-1ml-solinj-EE-MPD"/>
  </for>
  <for>
    <reference value="ManufacturedItemDefinition/Paracetamol-Kabi-10mg-1ml-solinj-EE-MID-1424034"/>
  </for>
  <for>
    <reference value="ManufacturedItemDefinition/Paracetamol-Kabi-10mg-1ml-solinj-EE-MID-1799905"/>
  </for>
  <for>
    <reference value="ManufacturedItemDefinition/Paracetamol-Kabi-10mg-1ml-solinj-EE-MID-1424056"/>
  </for>
  <for>
    <reference value="AdministrableProductDefinition/Paracetamol-Kabi-10mg-1ml-solinj-EE-APD-1424034"/>
  </for>
  <for>
    <reference value="AdministrableProductDefinition/Paracetamol-Kabi-10mg-1ml-solinj-EE-APD-1799905"/>
  </for>
  <for>
    <reference value="AdministrableProductDefinition/Paracetamol-Kabi-10mg-1ml-solinj-EE-APD-1424056"/>
  </for>
  <role>
    <coding>
      <system value="https://spor.ema.europa.eu/v1/lists/100000072050"/>
      <code value="100000072072"/>
      <display value="Active"/>
    </coding>
  </role>
  <substance>
    <code>
      <concept>
        <coding>
          <system value="https://spor.ema.europa.eu/v2/SubstanceDefinition"/>
          <code value="100000090270"/>
          <display value="Paracetamol"/>
        </coding>
      </concept>
    </code>
    <strength>
      <concentrationRatio>
        <numerator>
          <value value="10"/>
          <comparator>
            <extension url="http://ema.europa.eu/fhir/extension/comparator">
              <valueCoding>
                <system value="https://spor.ema.europa.eu/v1/lists/100000000008"/>
                <code value="100000000049"/>
                <display value="equal to"/>
              </valueCoding>
            </extension>
          </comparator>
          <unit value="milligram(s)"/>
          <system value="https://spor.ema.europa.eu/v1/lists/100000110633"/>
          <code value="100000110655"/>
        </numerator>
        <denominator>
          <value value="1"/>
          <unit value="millilitre(s)"/>
          <system value="https://spor.ema.europa.eu/v1/lists/100000110633"/>
          <code value="100000110662"/>
        </denominator>
      </concentrationRatio>
    </strength>
  </substance>
</Ingredient>