<?xml version="1.0" encoding="UTF-8"?>

<ManufacturedItemDefinition xmlns="http://hl7.org/fhir">
  <id value="Diclac-10mg1g-Gel-EE-MID"/>
  <text>
    <status value="generated"/><div xmlns="http://www.w3.org/1999/xhtml"><p><b>Generated Narrative: ManufacturedItemDefinition</b></p><div style="display: inline-block; background-color: #d9e0e7; padding: 6px; margin: 4px; border: 1px solid #8da1b4; border-radius: 5px; line-height: 60%"><p style="margin-bottom: 0px">Resource ManufacturedItemDefinition "Diclac-10mg1g-Gel-EE-MID" </p></div><p><b>status</b>: active</p><p><b>manufacturedDoseForm</b>: Gel <span style="background: LightGoldenRodYellow; margin: 4px; border: 1px solid khaki"> (200000000004#100000073726)</span></p><p><b>unitOfPresentation</b>: Tube <span style="background: LightGoldenRodYellow; margin: 4px; border: 1px solid khaki"> (200000000014#200000002156)</span></p></div>
  </text>
  <status value="active"/>
  <manufacturedDoseForm>
    <coding>
      <system value="https://spor.ema.europa.eu/v1/lists/200000000004"/>
      <code value="100000073726"/>
      <display value="Gel"/>
    </coding>
  </manufacturedDoseForm>
  <unitOfPresentation>
    <coding>
      <system value="https://spor.ema.europa.eu/v1/lists/200000000014"/>
      <code value="200000002156"/>
      <display value="Tube"/>
    </coding>
  </unitOfPresentation>
</ManufacturedItemDefinition>