<?xml version="1.0" encoding="UTF-8"?>

<PackagedProductDefinition xmlns="http://hl7.org/fhir">
  <id value="Clexane-60mg-0.6ml-solinj-EE-PPD-1065552"/>
  <text>
    <status value="extensions"/><div xmlns="http://www.w3.org/1999/xhtml"><p><b>Generated Narrative: PackagedProductDefinition</b></p><div style="display: inline-block; background-color: #d9e0e7; padding: 6px; margin: 4px; border: 1px solid #8da1b4; border-radius: 5px; line-height: 60%"><p style="margin-bottom: 0px">Resource PackagedProductDefinition "Clexane-60mg-0.6ml-solinj-EE-PPD-1065552" </p></div><p><b>Extension Definition for PackagedProductDefinition.containedItemQuantity for Version 5.0</b>: 2 Syringe<span style="background: LightGoldenRodYellow"> (Details: http://spor.ema.europa.eu/v1/lists/200000000014 code 200000002150 = '200000002150')</span></p><p><b>identifier</b>: id: EE-100001368-34217-1065552</p><p><b>packageFor</b>: <a href="MedicinalProductDefinition-Clexane-60mg-0.6ml-solinj-EE-MPD.html">MedicinalProductDefinition/Clexane-60mg-0.6ml-solinj-EE-MPD</a></p><p><b>description</b>: CLEXANE 6000 RÜ (60 mg)/0,6 ml: süstelahus süstlites (I tüüpi klaas), mis on varustatud kummikorgiga (klorobutüül ja bromobutüül) ning süstimisnõelaga (automaatse ohutussüsteemiga ERIS või PREVENTIS või ilma). </p><blockquote><p><b>package</b></p><p><b>type</b>: Box <span style="background: LightGoldenRodYellow; margin: 4px; border: 1px solid khaki"> (100000073346#100000073498)</span></p><p><b>quantity</b>: 1</p><p><b>material</b>: Cardboard <span style="background: LightGoldenRodYellow; margin: 4px; border: 1px solid khaki"> (200000003199#200000003529)</span></p><blockquote><p><b>package</b></p><p><b>type</b>: Pre-filled syringe <span style="background: LightGoldenRodYellow; margin: 4px; border: 1px solid khaki"> (100000073346#100000073544)</span></p><p><b>quantity</b>: 2</p><p><b>material</b>: Glass type I <span style="background: LightGoldenRodYellow; margin: 4px; border: 1px solid khaki"> (200000003199#200000003204)</span></p></blockquote></blockquote></div>
  </text>
  <extension url="http://hl7.org/fhir/5.0/StructureDefinition/extension-PackagedProductDefinition.containedItemQuantity">
    <valueQuantity>
      <value value="2"/>
      <unit value="Syringe"/>
      <system value="http://spor.ema.europa.eu/v1/lists/200000000014"/>
      <code value="200000002150"/>
    </valueQuantity>
  </extension>
  <identifier>
    <system value="http://ema.europa.eu/example/pcid"/>
    <value value="EE-100001368-34217-1065552"/>
  </identifier>
  <packageFor>
    <reference value="MedicinalProductDefinition/Clexane-60mg-0.6ml-solinj-EE-MPD"/>
  </packageFor>
  <description value="CLEXANE 6000 RÜ (60 mg)/0,6 ml: süstelahus süstlites (I tüüpi klaas), mis on varustatud kummikorgiga (klorobutüül ja bromobutüül) ning süstimisnõelaga (automaatse ohutussüsteemiga ERIS või PREVENTIS või ilma). ">
    <extension url="http://ema.europa.eu/fhir/extension/language">
      <valueCoding>
        <system value="https://spor.ema.europa.eu/v1/lists/100000072057"/>
        <code value="100000072172"/>
        <display value="Estonian"/>
      </valueCoding>
    </extension>
  </description>
  <marketingStatus>
    <country>
      <coding>
        <system value="https://spor.ema.europa.eu/v1/lists/100000000002"/>
        <code value="100000000388"/>
        <display value="Republic of Estonia"/>
      </coding>
    </country>
    <status>
      <coding>
        <system value="https://spor.ema.europa.eu/v1/lists/100000072052"/>
        <code value="100000072083"/>
        <display value="Marketed"/>
      </coding>
    </status>
  </marketingStatus>
  <package>
    <type>
      <coding>
        <system value="https://spor.ema.europa.eu/v1/lists/100000073346"/>
        <code value="100000073498"/>
        <display value="Box"/>
      </coding>
    </type>
    <quantity value="1"/>
    <material>
      <coding>
        <system value="https://spor.ema.europa.eu/v1/lists/200000003199"/>
        <code value="200000003529"/>
        <display value="Cardboard"/>
      </coding>
    </material>
    <package>
      <type>
        <coding>
          <system value="https://spor.ema.europa.eu/v1/lists/100000073346"/>
          <code value="100000073544"/>
          <display value="Pre-filled syringe"/>
        </coding>
      </type>
      <quantity value="2"/>
      <material>
        <coding>
          <system value="https://spor.ema.europa.eu/v1/lists/200000003199"/>
          <code value="200000003204"/>
          <display value="Glass type I"/>
        </coding>
      </material>
      <containedItem>
        <item>
          <reference>
            <reference value="ManufacturedItemDefinition/Clexane-60mg-0.6ml-solinj-EE-MID"/>
          </reference>
        </item>
        <amount>
          <value value="0.6"/>
          <unit value="millilitre(s)"/>
          <system value="https://spor.ema.europa.eu/v1/lists/100000110633"/>
          <code value="100000110662"/>
        </amount>
      </containedItem>
    </package>
  </package>
</PackagedProductDefinition>