<?xml version="1.0" encoding="UTF-8"?>

<PackagedProductDefinition xmlns="http://hl7.org/fhir">
  <id value="Gasec-Gastrocaps-40mg-Hard-Capsules-EE-PPD-1112825-B"/>
  <text>
    <status value="extensions"/><div xmlns="http://www.w3.org/1999/xhtml"><p><b>Generated Narrative: PackagedProductDefinition</b></p><div style="display: inline-block; background-color: #d9e0e7; padding: 6px; margin: 4px; border: 1px solid #8da1b4; border-radius: 5px; line-height: 60%"><p style="margin-bottom: 0px">Resource PackagedProductDefinition "Gasec-Gastrocaps-40mg-Hard-Capsules-EE-PPD-1112825-B" </p></div><p><b>Extension Definition for PackagedProductDefinition.containedItemQuantity for Version 5.0</b>: 28 Capsule<span style="background: LightGoldenRodYellow"> (Details: http://spor.ema.europa.eu/v1/lists/200000000014 code 200000002113 = '200000002113')</span></p><p><b>identifier</b>: id: EE-100003164-15710-1112825-B</p><p><b>packageFor</b>: <a href="MedicinalProductDefinition-Gasec-Gastrocaps-40mg-Hard-Capsules-EE-MPD.html">MedicinalProductDefinition/Gasec-Gastrocaps-40mg-Hard-Capsules-EE-MPD</a></p><p><b>description</b>: Kapslid on saadaval alumiinium/alumiinium blisterpakendites või keeratavate korkidega kõrgtihedusega  polüetüleenpudelites (HDPE pudelid).</p><blockquote><p><b>package</b></p><p><b>type</b>: Box <span style="background: LightGoldenRodYellow; margin: 4px; border: 1px solid khaki"> (100000073346#100000073498)</span></p><p><b>quantity</b>: 1</p><p><b>material</b>: Cardboard <span style="background: LightGoldenRodYellow; margin: 4px; border: 1px solid khaki"> (200000003199#200000003529)</span></p><blockquote><p><b>package</b></p><p><b>type</b>: Bottle <span style="background: LightGoldenRodYellow; margin: 4px; border: 1px solid khaki"> (100000073346#100000073497)</span></p><p><b>quantity</b>: 1</p><p><b>material</b>: High Density PolyEthylene <span style="background: LightGoldenRodYellow; margin: 4px; border: 1px solid khaki"> (200000003199#200000003215)</span></p></blockquote></blockquote></div>
  </text>
  <extension url="http://hl7.org/fhir/5.0/StructureDefinition/extension-PackagedProductDefinition.containedItemQuantity">
    <valueQuantity>
      <value value="28"/>
      <unit value="Capsule"/>
      <system value="http://spor.ema.europa.eu/v1/lists/200000000014"/>
      <code value="200000002113"/>
    </valueQuantity>
  </extension>
  <identifier>
    <system value="http://ema.europa.eu/example/pcid"/>
    <value value="EE-100003164-15710-1112825-B"/>
  </identifier>
  <packageFor>
    <reference value="MedicinalProductDefinition/Gasec-Gastrocaps-40mg-Hard-Capsules-EE-MPD"/>
  </packageFor>
  <description value="Kapslid on saadaval alumiinium/alumiinium blisterpakendites või keeratavate korkidega kõrgtihedusega  polüetüleenpudelites (HDPE pudelid).">
    <extension url="http://ema.europa.eu/fhir/extension/language">
      <valueCoding>
        <system value="https://spor.ema.europa.eu/v1/lists/100000072057"/>
        <code value="100000072172"/>
        <display value="Estonian"/>
      </valueCoding>
    </extension>
  </description>
  <marketingStatus>
    <country>
      <coding>
        <system value="https://spor.ema.europa.eu/v1/lists/100000000002"/>
        <code value="100000000388"/>
        <display value="Republic of Estonia"/>
      </coding>
    </country>
    <status>
      <coding>
        <system value="https://spor.ema.europa.eu/v1/lists/100000072052"/>
        <code value="100000072083"/>
        <display value="Marketed"/>
      </coding>
    </status>
  </marketingStatus>
  <package>
    <type>
      <coding>
        <system value="https://spor.ema.europa.eu/v1/lists/100000073346"/>
        <code value="100000073498"/>
        <display value="Box"/>
      </coding>
    </type>
    <quantity value="1"/>
    <material>
      <coding>
        <system value="https://spor.ema.europa.eu/v1/lists/200000003199"/>
        <code value="200000003529"/>
        <display value="Cardboard"/>
      </coding>
    </material>
    <package>
      <type>
        <coding>
          <system value="https://spor.ema.europa.eu/v1/lists/100000073346"/>
          <code value="100000073497"/>
          <display value="Bottle"/>
        </coding>
      </type>
      <quantity value="1"/>
      <material>
        <coding>
          <system value="https://spor.ema.europa.eu/v1/lists/200000003199"/>
          <code value="200000003215"/>
          <display value="High Density PolyEthylene"/>
        </coding>
      </material>
      <containedItem>
        <item>
          <reference>
            <reference value="ManufacturedItemDefinition/Gasec-Gastrocaps-40mg-Hard-Capsules-EE-MID"/>
          </reference>
        </item>
        <amount>
          <value value="28"/>
        </amount>
      </containedItem>
    </package>
  </package>
</PackagedProductDefinition>