<?xml version="1.0" encoding="UTF-8"?>

<PackagedProductDefinition xmlns="http://hl7.org/fhir">
  <id value="Taflotan-0.015mg-1ml-eye-drops-solution-EE-PPD-1753703"/>
  <text>
    <status value="extensions"/><div xmlns="http://www.w3.org/1999/xhtml"><p><b>Generated Narrative: PackagedProductDefinition</b></p><div style="display: inline-block; background-color: #d9e0e7; padding: 6px; margin: 4px; border: 1px solid #8da1b4; border-radius: 5px; line-height: 60%"><p style="margin-bottom: 0px">Resource PackagedProductDefinition "Taflotan-0.015mg-1ml-eye-drops-solution-EE-PPD-1753703" </p></div><p><b>Extension Definition for PackagedProductDefinition.containedItemQuantity for Version 5.0</b>: 1 Bottle<span style="background: LightGoldenRodYellow"> (Details: http://spor.ema.europa.eu/v1/lists/200000000014 code 200000002111 = '200000002111')</span></p><p><b>identifier</b>: id: EE-EE-100003380-34660-1753703</p><p><b>packageFor</b>: <a href="MedicinalProductDefinition-Taflotan-0.015mg-1ml-eye-drops-solution-EE-MPD.html">MedicinalProductDefinition/Taflotan-0.015mg-1ml-eye-drops-solution-EE-MPD</a></p><p><b>description</b>: Läbipaistvad väikese tihedusega polüetüleenpudelid (LDPE) valge Aptari tilgutiga (polüetüleen, polüpropüleen, tsükliline olefiin-kopolümeer), mis on kaetud sinise polüetüleenkorgiga. Iga pudel  sisaldab 3 ml, 5 ml või 7 ml lahust.</p><blockquote><p><b>package</b></p><p><b>type</b>: Box <span style="background: LightGoldenRodYellow; margin: 4px; border: 1px solid khaki"> (100000073346#100000073498)</span></p><p><b>quantity</b>: 1</p><p><b>material</b>: Cardboard <span style="background: LightGoldenRodYellow; margin: 4px; border: 1px solid khaki"> (200000003199#200000003529)</span></p><blockquote><p><b>package</b></p><p><b>type</b>: Bottle <span style="background: LightGoldenRodYellow; margin: 4px; border: 1px solid khaki"> (100000073346#100000073497)</span></p><p><b>quantity</b>: 1</p><p><b>material</b>: Glass <span style="background: LightGoldenRodYellow; margin: 4px; border: 1px solid khaki"> (200000003199#200000003203)</span></p></blockquote></blockquote></div>
  </text>
  <extension url="http://hl7.org/fhir/5.0/StructureDefinition/extension-PackagedProductDefinition.containedItemQuantity">
    <valueQuantity>
      <value value="1"/>
      <unit value="Bottle"/>
      <system value="http://spor.ema.europa.eu/v1/lists/200000000014"/>
      <code value="200000002111"/>
    </valueQuantity>
  </extension>
  <identifier>
    <system value="http://ema.europa.eu/example/pcid"/>
    <value value="EE-EE-100003380-34660-1753703"/>
  </identifier>
  <packageFor>
    <reference value="MedicinalProductDefinition/Taflotan-0.015mg-1ml-eye-drops-solution-EE-MPD"/>
  </packageFor>
  <description value="Läbipaistvad väikese tihedusega polüetüleenpudelid (LDPE) valge Aptari tilgutiga (polüetüleen, polüpropüleen, tsükliline olefiin-kopolümeer), mis on kaetud sinise polüetüleenkorgiga. Iga pudel  sisaldab 3 ml, 5 ml või 7 ml lahust.">
    <extension url="http://ema.europa.eu/fhir/extension/language">
      <valueCoding>
        <system value="https://spor.ema.europa.eu/v1/lists/100000072057"/>
        <code value="100000072172"/>
        <display value="Estonian"/>
      </valueCoding>
    </extension>
  </description>
  <marketingStatus>
    <country>
      <coding>
        <system value="https://spor.ema.europa.eu/v1/lists/100000000002"/>
        <code value="100000000388"/>
        <display value="Republic of Estonia"/>
      </coding>
    </country>
    <status>
      <coding>
        <system value="https://spor.ema.europa.eu/v1/lists/100000072052"/>
        <code value="100000072083"/>
        <display value="Marketed"/>
      </coding>
    </status>
  </marketingStatus>
  <package>
    <type>
      <coding>
        <system value="https://spor.ema.europa.eu/v1/lists/100000073346"/>
        <code value="100000073498"/>
        <display value="Box"/>
      </coding>
    </type>
    <quantity value="1"/>
    <material>
      <coding>
        <system value="https://spor.ema.europa.eu/v1/lists/200000003199"/>
        <code value="200000003529"/>
        <display value="Cardboard"/>
      </coding>
    </material>
    <package>
      <type>
        <coding>
          <system value="https://spor.ema.europa.eu/v1/lists/100000073346"/>
          <code value="100000073497"/>
          <display value="Bottle"/>
        </coding>
      </type>
      <quantity value="1"/>
      <material>
        <coding>
          <system value="https://spor.ema.europa.eu/v1/lists/200000003199"/>
          <code value="200000003203"/>
          <display value="Glass"/>
        </coding>
      </material>
      <containedItem>
        <item>
          <reference>
            <reference value="ManufacturedItemDefinition/Taflotan-0.015mg-1ml-eye-drops-solution-EE-MID"/>
          </reference>
        </item>
        <amount>
          <value value="3"/>
          <unit value="millilitre(s) "/>
          <system value="https://spor.ema.europa.eu/v1/lists/100000110633"/>
          <code value="100000110662"/>
        </amount>
      </containedItem>
    </package>
  </package>
</PackagedProductDefinition>