<?xml version="1.0" encoding="UTF-8"?>

<RegulatedAuthorization xmlns="http://hl7.org/fhir">
  <id value="Sandimmun-Neoral-25mg-Soft-Capsule-EE-RA"/>
  <text>
    <status value="generated"/><div xmlns="http://www.w3.org/1999/xhtml"><p><b>Generated Narrative: RegulatedAuthorization</b></p><div style="display: inline-block; background-color: #d9e0e7; padding: 6px; margin: 4px; border: 1px solid #8da1b4; border-radius: 5px; line-height: 60%"><p style="margin-bottom: 0px">Resource RegulatedAuthorization "Sandimmun-Neoral-25mg-Soft-Capsule-EE-RA" </p></div><p><b>identifier</b>: id: 093194</p><p><b>subject</b>: <a href="MedicinalProductDefinition-Sandimmun-Neoral-25mg-Soft-Capsule-EE-MPD.html">MedicinalProductDefinition/Sandimmun-Neoral-25mg-Soft-Capsule-EE-MPD</a></p><p><b>type</b>: Marketing Authorisation <span style="background: LightGoldenRodYellow; margin: 4px; border: 1px solid khaki"> (220000000060#220000000061)</span></p><p><b>region</b>: Republic of Estonia <span style="background: LightGoldenRodYellow; margin: 4px; border: 1px solid khaki"> (100000000002#100000000388)</span></p><p><b>status</b>: Valid - Renewed/Varied <span style="background: LightGoldenRodYellow; margin: 4px; border: 1px solid khaki"> (100000072049#200000017708)</span></p><p><b>statusDate</b>: 2009-09-29</p><p><b>holder</b>: <span>: Novartis Baltics SIA</span></p></div>
  </text>
  <identifier>
    <system value="http://ema.europa.eu/fhir/marketingAuthorizationNumber"/>
    <value value="093194"/>
  </identifier>
  <subject>
    <reference value="MedicinalProductDefinition/Sandimmun-Neoral-25mg-Soft-Capsule-EE-MPD"/>
  </subject>
  <type>
    <coding>
      <system value="https://spor.ema.europa.eu/v1/lists/220000000060"/>
      <code value="220000000061"/>
      <display value="Marketing Authorisation"/>
    </coding>
  </type>
  <region>
    <coding>
      <system value="https://spor.ema.europa.eu/v1/lists/100000000002"/>
      <code value="100000000388"/>
      <display value="Republic of Estonia"/>
    </coding>
  </region>
  <status>
    <coding>
      <system value="https://spor.ema.europa.eu/v1/lists/100000072049"/>
      <code value="200000017708"/>
      <display value="Valid - Renewed/Varied"/>
    </coding>
  </status>
  <statusDate value="2009-09-29"/>
  <holder>
    <identifier>
      <system value="https://spor.ema.europa.eu/v1/locations"/>
      <value value="LOC-100011823"/>
    </identifier>
    <display value="Novartis Baltics SIA"/>
  </holder>
</RegulatedAuthorization>