<?xml version="1.0" encoding="UTF-8"?>

<Bundle xmlns="http://hl7.org/fhir">
  <id value="Diclac10mg1g-EE"/>
  <meta>
    <versionId value="1"/>
    <lastUpdated value="2022-08-23T06:28:28.253+00:00"/>
  </meta>
  <type value="transaction"/>
  <entry>
    <resource>
      <MedicinalProductDefinition>
        <id value="Diclac-10mg1g-Gel-EE-MPD"/>
        <text>
          <status value="generated"/><div xmlns="http://www.w3.org/1999/xhtml"><p><b>Generated Narrative: MedicinalProductDefinition</b></p><div style="display: inline-block; background-color: #d9e0e7; padding: 6px; margin: 4px; border: 1px solid #8da1b4; border-radius: 5px; line-height: 60%"><p style="margin-bottom: 0px">Resource MedicinalProductDefinition "Diclac-10mg1g-Gel-EE-MPD" </p></div><p><b>identifier</b>: id: 0000000000005, id: EE-100002893-17429</p><p><b>domain</b>: Human use <span style="background: LightGoldenRodYellow; margin: 4px; border: 1px solid khaki"> (100000000004#100000000012)</span></p><p><b>status</b>: Current <span style="background: LightGoldenRodYellow; margin: 4px; border: 1px solid khaki"> (200000005003#200000005004; <a href="http://build.fhir.org/codesystem-publication-status.html">PublicationStatus</a>#active "Active")</span></p><p><b>legalStatusOfSupply</b>: Medicinal product not subject to medical prescription <span style="background: LightGoldenRodYellow; margin: 4px; border: 1px solid khaki"> (100000072051#100000072076)</span></p><p><b>additionalMonitoringIndicator</b>: False <span style="background: LightGoldenRodYellow; margin: 4px; border: 1px solid khaki"> (additionalMonitoringIndicator#False)</span></p><p><b>classification</b>: diclofenac <span style="background: LightGoldenRodYellow; margin: 4px; border: 1px solid khaki"> (100000093533#100000097012; <a href="http://terminology.hl7.org/3.0.0/CodeSystem-atc.html">WHO ATC</a>#M02AA15)</span></p><blockquote><p><b>name</b></p><p><b>productName</b>: Diclac 1%, geel</p><blockquote><p><b>namePart</b></p><p><b>part</b>: Diclac</p><p><b>type</b>: Invented name part <span style="background: LightGoldenRodYellow; margin: 4px; border: 1px solid khaki"> (220000000000#220000000002)</span></p></blockquote><blockquote><p><b>namePart</b></p><p><b>part</b>: 10mg/1g</p><p><b>type</b>: Strength part <span style="background: LightGoldenRodYellow; margin: 4px; border: 1px solid khaki"> (220000000000#220000000004)</span></p></blockquote><blockquote><p><b>namePart</b></p><p><b>part</b>: geel</p><p><b>type</b>: Pharmaceutical dose form part <span style="background: LightGoldenRodYellow; margin: 4px; border: 1px solid khaki"> (220000000000#220000000005)</span></p></blockquote><h3>CountryLanguages</h3><table class="grid"><tr><td>-</td><td><b>Country</b></td><td><b>Language</b></td></tr><tr><td>*</td><td>Republic of Estonia <span style="background: LightGoldenRodYellow; margin: 4px; border: 1px solid khaki"> (100000000002#100000000388)</span></td><td>Estonian <span style="background: LightGoldenRodYellow; margin: 4px; border: 1px solid khaki"> (100000072057#100000072172)</span></td></tr></table></blockquote></div>
        </text>
        <extension url="http://ema.europa.eu/fhir/extension/authorisedDoseForm">
          <valueCoding>
            <system value="https://spor.ema.europa.eu/v1/lists/200000000004"/>
            <code value="100000073726"/>
            <display value="Gel"/>
          </valueCoding>
        </extension>
        <identifier>
          <system value="http://ema.europa.eu/fhir/pmsId"/>
          <value value="0000000000005"/>
        </identifier>
        <identifier>
          <system value="http://ema.europa.eu/fhir/mpId"/>
          <value value="EE-100002893-17429"/>
        </identifier>
        <domain>
          <coding>
            <system value="https://spor.ema.europa.eu/v1/lists/100000000004"/>
            <code value="100000000012"/>
            <display value="Human use"/>
          </coding>
        </domain>
        <status>
          <coding>
            <system value="https://spor.ema.europa.eu/v1/lists/200000005003"/>
            <code value="200000005004"/>
            <display value="Current"/>
          </coding>
          <coding>
            <system value="http://hl7.org/fhir/publication-status"/>
            <code value="active"/>
            <display value="Active"/>
          </coding>
        </status>
        <legalStatusOfSupply>
          <coding>
            <system value="https://spor.ema.europa.eu/v1/lists/100000072051"/>
            <code value="100000072076"/>
            <display value="Medicinal product not subject to medical prescription"/>
          </coding>
        </legalStatusOfSupply>
        <additionalMonitoringIndicator>
          <coding>
            <system value="http://ema.europa.eu/fhir/additionalMonitoringIndicator"/>
            <code value="False"/>
            <display value="False"/>
          </coding>
        </additionalMonitoringIndicator>
        <classification>
          <coding>
            <system value="https://spor.ema.europa.eu/v1/lists/100000093533"/>
            <code value="100000097012"/>
            <display value="diclofenac"/>
          </coding>
          <coding>
            <system value="http://www.whocc.no/atc"/>
            <code value="M02AA15"/>
            <display value="diclofenac"/>
          </coding>
        </classification>
        <name>
          <productName value="Diclac 1%, geel"/>
          <namePart>
            <part value="Diclac"/>
            <type>
              <coding>
                <system value="https://spor.ema.europa.eu/v1/lists/220000000000"/>
                <code value="220000000002"/>
                <display value="Invented name part"/>
              </coding>
            </type>
          </namePart>
          <namePart>
            <part value="10mg/1g"/>
            <type>
              <coding>
                <system value="https://spor.ema.europa.eu/v1/lists/220000000000"/>
                <code value="220000000004"/>
                <display value="Strength part"/>
              </coding>
            </type>
          </namePart>
          <namePart>
            <part value="geel"/>
            <type>
              <coding>
                <system value="https://spor.ema.europa.eu/v1/lists/220000000000"/>
                <code value="220000000005"/>
                <display value="Pharmaceutical dose form part"/>
              </coding>
            </type>
          </namePart>
          <countryLanguage>
            <country>
              <coding>
                <system value="https://spor.ema.europa.eu/v1/lists/100000000002"/>
                <code value="100000000388"/>
                <display value="Republic of Estonia"/>
              </coding>
            </country>
            <language>
              <coding>
                <system value="https://spor.ema.europa.eu/v1/lists/100000072057"/>
                <code value="100000072172"/>
                <display value="Estonian"/>
              </coding>
            </language>
          </countryLanguage>
        </name>
      </MedicinalProductDefinition>
    </resource>
    <request>
      <method value="PUT"/>
      <url value="MedicinalProductDefinition/Diclac-10mg1g-Gel-EE-MPD"/>
    </request>
  </entry>
  <entry>
    <resource>
      <RegulatedAuthorization>
        <id value="Diclac-10mg1g-Gel-EE-RA"/>
        <text>
          <status value="generated"/><div xmlns="http://www.w3.org/1999/xhtml"><p><b>Generated Narrative: RegulatedAuthorization</b></p><div style="display: inline-block; background-color: #d9e0e7; padding: 6px; margin: 4px; border: 1px solid #8da1b4; border-radius: 5px; line-height: 60%"><p style="margin-bottom: 0px">Resource RegulatedAuthorization "Diclac-10mg1g-Gel-EE-RA" </p></div><p><b>identifier</b>: id: 475405</p><p><b>subject</b>: <a href="#MedicinalProductDefinition_Diclac-10mg1g-Gel-EE-MPD">See above (MedicinalProductDefinition/Diclac-10mg1g-Gel-EE-MPD)</a></p><p><b>type</b>: Marketing Authorisation <span style="background: LightGoldenRodYellow; margin: 4px; border: 1px solid khaki"> (220000000060#220000000061)</span></p><p><b>region</b>: Republic of Estonia <span style="background: LightGoldenRodYellow; margin: 4px; border: 1px solid khaki"> (100000000002#100000000388)</span></p><p><b>status</b>: Valid - Renewed/Varied <span style="background: LightGoldenRodYellow; margin: 4px; border: 1px solid khaki"> (100000072049#200000017708)</span></p><p><b>statusDate</b>: 2010-02-03</p><p><b>holder</b>: <span>: Sandoz Pharmaceuticals d.d.</span></p></div>
        </text>
        <identifier>
          <system value="http://ema.europa.eu/fhir/marketingAuthorizationNumber"/>
          <value value="475405"/>
        </identifier>
        <subject>
          <reference value="MedicinalProductDefinition/Diclac-10mg1g-Gel-EE-MPD"/>
        </subject>
        <type>
          <coding>
            <system value="https://spor.ema.europa.eu/v1/lists/220000000060"/>
            <code value="220000000061"/>
            <display value="Marketing Authorisation"/>
          </coding>
        </type>
        <region>
          <coding>
            <system value="https://spor.ema.europa.eu/v1/lists/100000000002"/>
            <code value="100000000388"/>
            <display value="Republic of Estonia"/>
          </coding>
        </region>
        <status>
          <coding>
            <system value="https://spor.ema.europa.eu/v1/lists/100000072049"/>
            <code value="200000017708"/>
            <display value="Valid - Renewed/Varied"/>
          </coding>
        </status>
        <statusDate value="2010-02-03"/>
        <holder>
          <identifier>
            <system value="https://spor.ema.europa.eu/v1/locations"/>
            <value value="LOC-100002893"/>
          </identifier>
          <display value="Sandoz Pharmaceuticals d.d."/>
        </holder>
      </RegulatedAuthorization>
    </resource>
    <request>
      <method value="PUT"/>
      <url value="RegulatedAuthorization/Diclac-10mg1g-Gel-EE-RA"/>
    </request>
  </entry>
  <entry>
    <resource>
      <AdministrableProductDefinition>
        <id value="Diclac-10mg1g-Gel-EE-APD"/>
        <text>
          <status value="generated"/><div xmlns="http://www.w3.org/1999/xhtml"><p><b>Generated Narrative: AdministrableProductDefinition</b></p><div style="display: inline-block; background-color: #d9e0e7; padding: 6px; margin: 4px; border: 1px solid #8da1b4; border-radius: 5px; line-height: 60%"><p style="margin-bottom: 0px">Resource AdministrableProductDefinition "Diclac-10mg1g-Gel-EE-APD" </p></div><p><b>status</b>: active</p><p><b>formOf</b>: <a href="#MedicinalProductDefinition_Diclac-10mg1g-Gel-EE-MPD">See above (MedicinalProductDefinition/Diclac-10mg1g-Gel-EE-MPD)</a></p><p><b>administrableDoseForm</b>: Gel <span style="background: LightGoldenRodYellow; margin: 4px; border: 1px solid khaki"> (200000000004#100000073726)</span></p><p><b>unitOfPresentation</b>: Tube <span style="background: LightGoldenRodYellow; margin: 4px; border: 1px solid khaki"> (200000000014#200000002156)</span></p><p><b>producedFrom</b>: <a href="#ManufacturedItemDefinition_Diclac-10mg1g-Gel-EE-MID">See above (ManufacturedItemDefinition/Diclac-10mg1g-Gel-EE-MID)</a></p><h3>RouteOfAdministrations</h3><table class="grid"><tr><td>-</td><td><b>Code</b></td></tr><tr><td>*</td><td>Cutaneous use <span style="background: LightGoldenRodYellow; margin: 4px; border: 1px solid khaki"> (100000073345#100000073566)</span></td></tr></table></div>
        </text>
        <status value="active"/>
        <formOf>
          <reference value="MedicinalProductDefinition/Diclac-10mg1g-Gel-EE-MPD"/>
        </formOf>
        <administrableDoseForm>
          <coding>
            <system value="https://spor.ema.europa.eu/v1/lists/200000000004"/>
            <code value="100000073726"/>
            <display value="Gel"/>
          </coding>
        </administrableDoseForm>
        <unitOfPresentation>
          <coding>
            <system value="https://spor.ema.europa.eu/v1/lists/200000000014"/>
            <code value="200000002156"/>
            <display value="Tube"/>
          </coding>
        </unitOfPresentation>
        <producedFrom>
          <reference value="ManufacturedItemDefinition/Diclac-10mg1g-Gel-EE-MID"/>
        </producedFrom>
        <routeOfAdministration>
          <code>
            <coding>
              <system value="https://spor.ema.europa.eu/v1/lists/100000073345"/>
              <code value="100000073566"/>
              <display value="Cutaneous use"/>
            </coding>
          </code>
        </routeOfAdministration>
      </AdministrableProductDefinition>
    </resource>
    <request>
      <method value="PUT"/>
      <url value="AdministrableProductDefinition/Diclac-10mg1g-Gel-EE-APD"/>
    </request>
  </entry>
  <entry>
    <resource>
      <ManufacturedItemDefinition>
        <id value="Diclac-10mg1g-Gel-EE-MID"/>
        <text>
          <status value="generated"/><div xmlns="http://www.w3.org/1999/xhtml"><p><b>Generated Narrative: ManufacturedItemDefinition</b></p><div style="display: inline-block; background-color: #d9e0e7; padding: 6px; margin: 4px; border: 1px solid #8da1b4; border-radius: 5px; line-height: 60%"><p style="margin-bottom: 0px">Resource ManufacturedItemDefinition "Diclac-10mg1g-Gel-EE-MID" </p></div><p><b>status</b>: active</p><p><b>manufacturedDoseForm</b>: Gel <span style="background: LightGoldenRodYellow; margin: 4px; border: 1px solid khaki"> (200000000004#100000073726)</span></p><p><b>unitOfPresentation</b>: Tube <span style="background: LightGoldenRodYellow; margin: 4px; border: 1px solid khaki"> (200000000014#200000002156)</span></p></div>
        </text>
        <status value="active"/>
        <manufacturedDoseForm>
          <coding>
            <system value="https://spor.ema.europa.eu/v1/lists/200000000004"/>
            <code value="100000073726"/>
            <display value="Gel"/>
          </coding>
        </manufacturedDoseForm>
        <unitOfPresentation>
          <coding>
            <system value="https://spor.ema.europa.eu/v1/lists/200000000014"/>
            <code value="200000002156"/>
            <display value="Tube"/>
          </coding>
        </unitOfPresentation>
      </ManufacturedItemDefinition>
    </resource>
    <request>
      <method value="PUT"/>
      <url value="ManufacturedItemDefinition/Diclac-10mg1g-Gel-EE-MID"/>
    </request>
  </entry>
  <entry>
    <resource>
      <Ingredient>
        <id value="Diclac-10mg1g-Gel-EE-I"/>
        <text>
          <status value="generated"/><div xmlns="http://www.w3.org/1999/xhtml"><p><b>Generated Narrative: Ingredient</b></p><div style="display: inline-block; background-color: #d9e0e7; padding: 6px; margin: 4px; border: 1px solid #8da1b4; border-radius: 5px; line-height: 60%"><p style="margin-bottom: 0px">Resource Ingredient "Diclac-10mg1g-Gel-EE-I" </p></div><p><b>status</b>: active</p><p><b>for</b>: </p><ul><li><a href="#MedicinalProductDefinition_Diclac-10mg1g-Gel-EE-MPD">See above (MedicinalProductDefinition/Diclac-10mg1g-Gel-EE-MPD)</a></li><li><a href="#ManufacturedItemDefinition_Diclac-10mg1g-Gel-EE-MID">See above (ManufacturedItemDefinition/Diclac-10mg1g-Gel-EE-MID)</a></li><li><a href="#AdministrableProductDefinition_Diclac-10mg1g-Gel-EE-APD">See above (AdministrableProductDefinition/Diclac-10mg1g-Gel-EE-APD)</a></li></ul><p><b>role</b>: Active <span style="background: LightGoldenRodYellow; margin: 4px; border: 1px solid khaki"> (100000072050#100000072072)</span></p><blockquote><p><b>substance</b></p><blockquote><p><b>strength</b></p><p><b>concentration</b>: </p></blockquote></blockquote><p><b style="color: maroon">Exception generating Narrative: null</b></p></div>
        </text>
        <status value="active"/>
        <for>
          <reference value="MedicinalProductDefinition/Diclac-10mg1g-Gel-EE-MPD"/>
        </for>
        <for>
          <reference value="ManufacturedItemDefinition/Diclac-10mg1g-Gel-EE-MID"/>
        </for>
        <for>
          <reference value="AdministrableProductDefinition/Diclac-10mg1g-Gel-EE-APD"/>
        </for>
        <role>
          <coding>
            <system value="https://spor.ema.europa.eu/v1/lists/100000072050"/>
            <code value="100000072072"/>
            <display value="Active"/>
          </coding>
        </role>
        <substance>
          <code>
            <concept>
              <coding>
                <system value="https://spor.ema.europa.eu/v2/SubstanceDefinition"/>
                <code value="100000162632"/>
                <display value="DICLOFENAC SODIUM"/>
              </coding>
            </concept>
          </code>
          <strength>
            <concentrationRatio>
              <numerator>
                <value value="10"/>
                <comparator>
                  <extension url="http://ema.europa.eu/fhir/extension/comparator">
                    <valueCoding>
                      <system value="https://spor.ema.europa.eu/v1/lists/100000000008"/>
                      <code value="100000000049"/>
                      <display value="equal to"/>
                    </valueCoding>
                  </extension>
                </comparator>
                <unit value="milligram(s)"/>
                <system value="https://spor.ema.europa.eu/v1/lists/100000110633"/>
                <code value="100000110655"/>
              </numerator>
              <denominator>
                <value value="1"/>
                <unit value="gram(s)"/>
                <system value="https://spor.ema.europa.eu/v1/lists/100000110633"/>
                <code value="100000110654"/>
              </denominator>
            </concentrationRatio>
            <referenceStrength>
              <substance>
                <concept>
                  <coding>
                    <system value="https://spor.ema.europa.eu/v2/SubstanceDefinition"/>
                    <code value="100000092798"/>
                    <display value="Diclofenac"/>
                  </coding>
                </concept>
              </substance>
              <strengthRatio>
                <numerator>
                  <value value="10"/>
                  <comparator>
                    <extension url="http://ema.europa.eu/fhir/extension/comparator">
                      <valueCoding>
                        <system value="https://spor.ema.europa.eu/v1/lists/100000000008"/>
                        <code value="100000000049"/>
                        <display value="equal to"/>
                      </valueCoding>
                    </extension>
                  </comparator>
                  <unit value="milligram(s)"/>
                  <system value="https://spor.ema.europa.eu/v1/lists/100000110633"/>
                  <code value="100000110655"/>
                </numerator>
                <denominator>
                  <value value="1"/>
                  <unit value="gram(s)"/>
                  <system value="https://spor.ema.europa.eu/v1/lists/100000110633"/>
                  <code value="100000110654"/>
                </denominator>
              </strengthRatio>
            </referenceStrength>
          </strength>
        </substance>
      </Ingredient>
    </resource>
    <request>
      <method value="PUT"/>
      <url value="Ingredient/Diclac-10mg1g-Gel-EE-I"/>
    </request>
  </entry>
  <entry>
    <resource>
      <PackagedProductDefinition>
        <id value="Diclac-10mg1g-Gel-EE-PPD-1153257"/>
        <text>
          <status value="extensions"/><div xmlns="http://www.w3.org/1999/xhtml"><p><b>Generated Narrative: PackagedProductDefinition</b></p><div style="display: inline-block; background-color: #d9e0e7; padding: 6px; margin: 4px; border: 1px solid #8da1b4; border-radius: 5px; line-height: 60%"><p style="margin-bottom: 0px">Resource PackagedProductDefinition "Diclac-10mg1g-Gel-EE-PPD-1153257" </p></div><p><b>Extension Definition for PackagedProductDefinition.containedItemQuantity for Version 5.0</b>: 1 Tube<span style="background: LightGoldenRodYellow"> (Details: http://spor.ema.europa.eu/v1/lists/200000000014 code 200000002156 = '200000002156')</span></p><p><b>identifier</b>: id: EE-100002893-17429-1153257</p><p><b>packageFor</b>: <a href="#MedicinalProductDefinition_Diclac-10mg1g-Gel-EE-MPD">See above (MedicinalProductDefinition/Diclac-10mg1g-Gel-EE-MPD)</a></p><p><b>description</b>: Tuub sisaldab 25 g, 50 g või 100 g geeli. </p><blockquote><p><b>package</b></p><p><b>type</b>: Box <span style="background: LightGoldenRodYellow; margin: 4px; border: 1px solid khaki"> (100000073346#100000073498)</span></p><p><b>quantity</b>: 1</p><p><b>material</b>: Cardboard <span style="background: LightGoldenRodYellow; margin: 4px; border: 1px solid khaki"> (200000003199#200000003529)</span></p><blockquote><p><b>package</b></p><p><b>type</b>: Tube <span style="background: LightGoldenRodYellow; margin: 4px; border: 1px solid khaki"> (100000073346#100000073346)</span></p><p><b>quantity</b>: 1</p><p><b>material</b>: Aluminium <span style="background: LightGoldenRodYellow; margin: 4px; border: 1px solid khaki"> (200000003199#200000003200)</span></p></blockquote></blockquote></div>
        </text>
        <extension url="http://hl7.org/fhir/5.0/StructureDefinition/extension-PackagedProductDefinition.containedItemQuantity">
          <valueQuantity>
            <value value="1"/>
            <unit value="Tube"/>
            <system value="http://spor.ema.europa.eu/v1/lists/200000000014"/>
            <code value="200000002156"/>
          </valueQuantity>
        </extension>
        <identifier>
          <system value="http://ema.europa.eu/example/pcid"/>
          <value value="EE-100002893-17429-1153257"/>
        </identifier>
        <packageFor>
          <reference value="MedicinalProductDefinition/Diclac-10mg1g-Gel-EE-MPD"/>
        </packageFor>
        <description value="Tuub sisaldab 25 g, 50 g või 100 g geeli. ">
          <extension url="http://ema.europa.eu/fhir/extension/language">
            <valueCoding>
              <system value="https://spor.ema.europa.eu/v1/lists/100000072057"/>
              <code value="100000072172"/>
              <display value="Estonian"/>
            </valueCoding>
          </extension>
        </description>
        <marketingStatus>
          <country>
            <coding>
              <system value="https://spor.ema.europa.eu/v1/lists/100000000002"/>
              <code value="100000000388"/>
              <display value="Republic of Estonia"/>
            </coding>
          </country>
          <status>
            <coding>
              <system value="https://spor.ema.europa.eu/v1/lists/100000072052"/>
              <code value="100000072083"/>
              <display value="Marketed"/>
            </coding>
          </status>
        </marketingStatus>
        <package>
          <type>
            <coding>
              <system value="https://spor.ema.europa.eu/v1/lists/100000073346"/>
              <code value="100000073498"/>
              <display value="Box"/>
            </coding>
          </type>
          <quantity value="1"/>
          <material>
            <coding>
              <system value="https://spor.ema.europa.eu/v1/lists/200000003199"/>
              <code value="200000003529"/>
              <display value="Cardboard"/>
            </coding>
          </material>
          <package>
            <type>
              <coding>
                <system value="https://spor.ema.europa.eu/v1/lists/100000073346"/>
                <code value="100000073346"/>
                <display value="Tube"/>
              </coding>
            </type>
            <quantity value="1"/>
            <material>
              <coding>
                <system value="https://spor.ema.europa.eu/v1/lists/200000003199"/>
                <code value="200000003200"/>
                <display value="Aluminium"/>
              </coding>
            </material>
            <containedItem>
              <item>
                <reference>
                  <reference value="ManufacturedItemDefinition/Diclac-10mg1g-Gel-EE-MID"/>
                </reference>
              </item>
              <amount>
                <value value="50"/>
                <unit value="gram(s)"/>
                <system value="https://spor.ema.europa.eu/v1/lists/100000110633"/>
                <code value="100000110654"/>
              </amount>
            </containedItem>
          </package>
        </package>
      </PackagedProductDefinition>
    </resource>
    <request>
      <method value="PUT"/>
      <url value="PackagedProductDefinition/Diclac-10mg1g-Gel-EE-PPD-1153257"/>
    </request>
  </entry>
  <entry>
    <resource>
      <PackagedProductDefinition>
        <id value="Diclac-10mg1g-Gel-EE-PPD-1153268"/>
        <text>
          <status value="extensions"/><div xmlns="http://www.w3.org/1999/xhtml"><p><b>Generated Narrative: PackagedProductDefinition</b></p><div style="display: inline-block; background-color: #d9e0e7; padding: 6px; margin: 4px; border: 1px solid #8da1b4; border-radius: 5px; line-height: 60%"><p style="margin-bottom: 0px">Resource PackagedProductDefinition "Diclac-10mg1g-Gel-EE-PPD-1153268" </p></div><p><b>Extension Definition for PackagedProductDefinition.containedItemQuantity for Version 5.0</b>: 1 Tube<span style="background: LightGoldenRodYellow"> (Details: http://spor.ema.europa.eu/v1/lists/200000000014 code 200000002156 = '200000002156')</span></p><p><b>identifier</b>: id: EE-100002893-17429-1153268</p><p><b>packageFor</b>: <a href="#MedicinalProductDefinition_Diclac-10mg1g-Gel-EE-MPD">See above (MedicinalProductDefinition/Diclac-10mg1g-Gel-EE-MPD)</a></p><p><b>description</b>: Tuub sisaldab 25 g, 50 g või 100 g geeli.</p><blockquote><p><b>package</b></p><p><b>type</b>: Box <span style="background: LightGoldenRodYellow; margin: 4px; border: 1px solid khaki"> (100000073346#100000073498)</span></p><p><b>quantity</b>: 1</p><p><b>material</b>: Cardboard <span style="background: LightGoldenRodYellow; margin: 4px; border: 1px solid khaki"> (200000003199#200000003529)</span></p><blockquote><p><b>package</b></p><p><b>type</b>: Tube <span style="background: LightGoldenRodYellow; margin: 4px; border: 1px solid khaki"> (100000073346#100000073346)</span></p><p><b>quantity</b>: 1</p><p><b>material</b>: Aluminium <span style="background: LightGoldenRodYellow; margin: 4px; border: 1px solid khaki"> (200000003199#200000003200)</span></p></blockquote></blockquote></div>
        </text>
        <extension url="http://hl7.org/fhir/5.0/StructureDefinition/extension-PackagedProductDefinition.containedItemQuantity">
          <valueQuantity>
            <value value="1"/>
            <unit value="Tube"/>
            <system value="http://spor.ema.europa.eu/v1/lists/200000000014"/>
            <code value="200000002156"/>
          </valueQuantity>
        </extension>
        <identifier>
          <system value="http://ema.europa.eu/example/pcid"/>
          <value value="EE-100002893-17429-1153268"/>
        </identifier>
        <packageFor>
          <reference value="MedicinalProductDefinition/Diclac-10mg1g-Gel-EE-MPD"/>
        </packageFor>
        <description value="Tuub sisaldab 25 g, 50 g või 100 g geeli.">
          <extension url="http://ema.europa.eu/fhir/extension/language">
            <valueCoding>
              <system value="https://spor.ema.europa.eu/v1/lists/100000072057"/>
              <code value="100000072172"/>
              <display value="Estonian"/>
            </valueCoding>
          </extension>
        </description>
        <marketingStatus>
          <country>
            <coding>
              <system value="https://spor.ema.europa.eu/v1/lists/100000000002"/>
              <code value="100000000388"/>
              <display value="Republic of Estonia"/>
            </coding>
          </country>
          <status>
            <coding>
              <system value="https://spor.ema.europa.eu/v1/lists/100000072052"/>
              <code value="100000072083"/>
              <display value="Marketed"/>
            </coding>
          </status>
        </marketingStatus>
        <package>
          <type>
            <coding>
              <system value="https://spor.ema.europa.eu/v1/lists/100000073346"/>
              <code value="100000073498"/>
              <display value="Box"/>
            </coding>
          </type>
          <quantity value="1"/>
          <material>
            <coding>
              <system value="https://spor.ema.europa.eu/v1/lists/200000003199"/>
              <code value="200000003529"/>
              <display value="Cardboard"/>
            </coding>
          </material>
          <package>
            <type>
              <coding>
                <system value="https://spor.ema.europa.eu/v1/lists/100000073346"/>
                <code value="100000073346"/>
                <display value="Tube"/>
              </coding>
            </type>
            <quantity value="1"/>
            <material>
              <coding>
                <system value="https://spor.ema.europa.eu/v1/lists/200000003199"/>
                <code value="200000003200"/>
                <display value="Aluminium"/>
              </coding>
            </material>
            <containedItem>
              <item>
                <reference>
                  <reference value="ManufacturedItemDefinition/Diclac-10mg1g-Gel-EE-MID"/>
                </reference>
              </item>
              <amount>
                <value value="100"/>
                <unit value="gram(s)"/>
                <system value="https://spor.ema.europa.eu/v1/lists/100000110633"/>
                <code value="100000110654"/>
              </amount>
            </containedItem>
          </package>
        </package>
      </PackagedProductDefinition>
    </resource>
    <request>
      <method value="PUT"/>
      <url value="PackagedProductDefinition/Diclac-10mg1g-Gel-EE-PPD-1153268"/>
    </request>
  </entry>
</Bundle>