<?xml version="1.0" encoding="UTF-8"?>

<Bundle xmlns="http://hl7.org/fhir">
  <id value="ValocordinDiazepam10mg1ml-EE"/>
  <meta>
    <versionId value="1"/>
    <lastUpdated value="2022-08-23T06:28:30.130+00:00"/>
  </meta>
  <type value="transaction"/>
  <entry>
    <resource>
      <MedicinalProductDefinition>
        <id value="Valocordin-Diazepam-10mg-1ml-Oral-drps-sol-EE-MPD"/>
        <text>
          <status value="generated"/><div xmlns="http://www.w3.org/1999/xhtml"><p><b>Generated Narrative: MedicinalProductDefinition</b></p><div style="display: inline-block; background-color: #d9e0e7; padding: 6px; margin: 4px; border: 1px solid #8da1b4; border-radius: 5px; line-height: 60%"><p style="margin-bottom: 0px">Resource MedicinalProductDefinition "Valocordin-Diazepam-10mg-1ml-Oral-drps-sol-EE-MPD" </p></div><p><b>identifier</b>: id: 0000000000010, id: EE-100007515-8998</p><p><b>domain</b>: Human use <span style="background: LightGoldenRodYellow; margin: 4px; border: 1px solid khaki"> (100000000004#100000000012)</span></p><p><b>status</b>: Current <span style="background: LightGoldenRodYellow; margin: 4px; border: 1px solid khaki"> (200000005003#200000005004; <a href="http://build.fhir.org/codesystem-publication-status.html">PublicationStatus</a>#active "Active")</span></p><p><b>legalStatusOfSupply</b>: Medicinal Product subject to medical prescription <span style="background: LightGoldenRodYellow; margin: 4px; border: 1px solid khaki"> (100000072051#100000072084)</span></p><p><b>additionalMonitoringIndicator</b>: False <span style="background: LightGoldenRodYellow; margin: 4px; border: 1px solid khaki"> (additionalMonitoringIndicator#False)</span></p><p><b>classification</b>: Diazepam <span style="background: LightGoldenRodYellow; margin: 4px; border: 1px solid khaki"> (100000093533#100000097530; <a href="http://terminology.hl7.org/3.0.0/CodeSystem-atc.html">WHO ATC</a>#N05BA01)</span></p><blockquote><p><b>name</b></p><p><b>productName</b>: Valocordin Diazepam, 10 mg/ml suukaudsed tilgad, lahus </p><blockquote><p><b>namePart</b></p><p><b>part</b>: Valocordin Diazepam</p><p><b>type</b>: Invented name part <span style="background: LightGoldenRodYellow; margin: 4px; border: 1px solid khaki"> (220000000000#220000000002)</span></p></blockquote><blockquote><p><b>namePart</b></p><p><b>part</b>: 10 mg/ml</p><p><b>type</b>: Strength part <span style="background: LightGoldenRodYellow; margin: 4px; border: 1px solid khaki"> (220000000000#220000000004)</span></p></blockquote><blockquote><p><b>namePart</b></p><p><b>part</b>: suukaudsed tilgad, lahus</p><p><b>type</b>: Pharmaceutical dose form part <span style="background: LightGoldenRodYellow; margin: 4px; border: 1px solid khaki"> (220000000000#220000000005)</span></p></blockquote><h3>CountryLanguages</h3><table class="grid"><tr><td>-</td><td><b>Country</b></td><td><b>Language</b></td></tr><tr><td>*</td><td>Republic of Estonia <span style="background: LightGoldenRodYellow; margin: 4px; border: 1px solid khaki"> (100000000002#100000000388)</span></td><td>Estonian <span style="background: LightGoldenRodYellow; margin: 4px; border: 1px solid khaki"> (100000072057#100000072172)</span></td></tr></table></blockquote></div>
        </text>
        <extension url="http://ema.europa.eu/fhir/extension/authorisedDoseForm">
          <valueCoding>
            <system value="https://spor.ema.europa.eu/v1/lists/200000000004"/>
            <code value="100000073642"/>
            <display value="Oral drops, solution"/>
          </valueCoding>
        </extension>
        <identifier>
          <system value="http://ema.europa.eu/fhir/pmsId"/>
          <value value="0000000000010"/>
        </identifier>
        <identifier>
          <system value="http://ema.europa.eu/fhir/mpId"/>
          <value value="EE-100007515-8998"/>
        </identifier>
        <domain>
          <coding>
            <system value="https://spor.ema.europa.eu/v1/lists/100000000004"/>
            <code value="100000000012"/>
            <display value="Human use"/>
          </coding>
        </domain>
        <status>
          <coding>
            <system value="https://spor.ema.europa.eu/v1/lists/200000005003"/>
            <code value="200000005004"/>
            <display value="Current"/>
          </coding>
          <coding>
            <system value="http://hl7.org/fhir/publication-status"/>
            <code value="active"/>
            <display value="Active"/>
          </coding>
        </status>
        <legalStatusOfSupply>
          <coding>
            <system value="https://spor.ema.europa.eu/v1/lists/100000072051"/>
            <code value="100000072084"/>
            <display value="Medicinal Product subject to medical prescription"/>
          </coding>
        </legalStatusOfSupply>
        <additionalMonitoringIndicator>
          <coding>
            <system value="http://ema.europa.eu/fhir/additionalMonitoringIndicator"/>
            <code value="False"/>
            <display value="False"/>
          </coding>
        </additionalMonitoringIndicator>
        <classification>
          <coding>
            <system value="https://spor.ema.europa.eu/v1/lists/100000093533"/>
            <code value="100000097530"/>
            <display value="Diazepam"/>
          </coding>
          <coding>
            <system value="http://www.whocc.no/atc"/>
            <code value="N05BA01"/>
            <display value="Diazepam"/>
          </coding>
        </classification>
        <name>
          <productName value="Valocordin Diazepam, 10 mg/ml suukaudsed tilgad, lahus "/>
          <namePart>
            <part value="Valocordin Diazepam"/>
            <type>
              <coding>
                <system value="https://spor.ema.europa.eu/v1/lists/220000000000"/>
                <code value="220000000002"/>
                <display value="Invented name part"/>
              </coding>
            </type>
          </namePart>
          <namePart>
            <part value="10 mg/ml"/>
            <type>
              <coding>
                <system value="https://spor.ema.europa.eu/v1/lists/220000000000"/>
                <code value="220000000004"/>
                <display value="Strength part"/>
              </coding>
            </type>
          </namePart>
          <namePart>
            <part value="suukaudsed tilgad, lahus"/>
            <type>
              <coding>
                <system value="https://spor.ema.europa.eu/v1/lists/220000000000"/>
                <code value="220000000005"/>
                <display value="Pharmaceutical dose form part"/>
              </coding>
            </type>
          </namePart>
          <countryLanguage>
            <country>
              <coding>
                <system value="https://spor.ema.europa.eu/v1/lists/100000000002"/>
                <code value="100000000388"/>
                <display value="Republic of Estonia"/>
              </coding>
            </country>
            <language>
              <coding>
                <system value="https://spor.ema.europa.eu/v1/lists/100000072057"/>
                <code value="100000072172"/>
                <display value="Estonian"/>
              </coding>
            </language>
          </countryLanguage>
        </name>
      </MedicinalProductDefinition>
    </resource>
    <request>
      <method value="PUT"/>
      <url value="MedicinalProductDefinition/Valocordin-Diazepam-10mg-1ml-Oral-drps-sol-EE-MPD"/>
    </request>
  </entry>
  <entry>
    <resource>
      <RegulatedAuthorization>
        <id value="Valocordin-Diazepam-10mg-1ml-Oral-drps-sol-EE-RA"/>
        <text>
          <status value="generated"/><div xmlns="http://www.w3.org/1999/xhtml"><p><b>Generated Narrative: RegulatedAuthorization</b></p><div style="display: inline-block; background-color: #d9e0e7; padding: 6px; margin: 4px; border: 1px solid #8da1b4; border-radius: 5px; line-height: 60%"><p style="margin-bottom: 0px">Resource RegulatedAuthorization "Valocordin-Diazepam-10mg-1ml-Oral-drps-sol-EE-RA" </p></div><p><b>identifier</b>: id: 124596</p><p><b>subject</b>: <a href="#MedicinalProductDefinition_Valocordin-Diazepam-10mg-1ml-Oral-drps-sol-EE-MPD">See above (MedicinalProductDefinition/Valocordin-Diazepam-10mg-1ml-Oral-drps-sol-EE-MPD)</a></p><p><b>type</b>: Marketing Authorisation <span style="background: LightGoldenRodYellow; margin: 4px; border: 1px solid khaki"> (220000000060#220000000061)</span></p><p><b>region</b>: Republic of Estonia <span style="background: LightGoldenRodYellow; margin: 4px; border: 1px solid khaki"> (100000000002#100000000388)</span></p><p><b>status</b>: Valid - Renewed/Varied <span style="background: LightGoldenRodYellow; margin: 4px; border: 1px solid khaki"> (100000072049#200000017708)</span></p><p><b>statusDate</b>: 2010-05-31</p><p><b>holder</b>: <span>: Krewel Meuselbach GmbH</span></p></div>
        </text>
        <identifier>
          <system value="http://ema.europa.eu/fhir/marketingAuthorizationNumber"/>
          <value value="124596"/>
        </identifier>
        <subject>
          <reference value="MedicinalProductDefinition/Valocordin-Diazepam-10mg-1ml-Oral-drps-sol-EE-MPD"/>
        </subject>
        <type>
          <coding>
            <system value="https://spor.ema.europa.eu/v1/lists/220000000060"/>
            <code value="220000000061"/>
            <display value="Marketing Authorisation"/>
          </coding>
        </type>
        <region>
          <coding>
            <system value="https://spor.ema.europa.eu/v1/lists/100000000002"/>
            <code value="100000000388"/>
            <display value="Republic of Estonia"/>
          </coding>
        </region>
        <status>
          <coding>
            <system value="https://spor.ema.europa.eu/v1/lists/100000072049"/>
            <code value="200000017708"/>
            <display value="Valid - Renewed/Varied"/>
          </coding>
        </status>
        <statusDate value="2010-05-31"/>
        <holder>
          <identifier>
            <system value="https://spor.ema.europa.eu/v1/locations"/>
            <value value="LOC-100007515"/>
          </identifier>
          <display value="Krewel Meuselbach GmbH"/>
        </holder>
      </RegulatedAuthorization>
    </resource>
    <request>
      <method value="PUT"/>
      <url value="RegulatedAuthorization/Valocordin-Diazepam-10mg-1ml-Oral-drps-sol-EE-RA"/>
    </request>
  </entry>
  <entry>
    <resource>
      <AdministrableProductDefinition>
        <id value="Valocordin-Diazepam-10mg-1ml-Oral-drps-sol-EE-APD"/>
        <text>
          <status value="generated"/><div xmlns="http://www.w3.org/1999/xhtml"><p><b>Generated Narrative: AdministrableProductDefinition</b></p><div style="display: inline-block; background-color: #d9e0e7; padding: 6px; margin: 4px; border: 1px solid #8da1b4; border-radius: 5px; line-height: 60%"><p style="margin-bottom: 0px">Resource AdministrableProductDefinition "Valocordin-Diazepam-10mg-1ml-Oral-drps-sol-EE-APD" </p></div><p><b>status</b>: active</p><p><b>formOf</b>: <a href="#MedicinalProductDefinition_Valocordin-Diazepam-10mg-1ml-Oral-drps-sol-EE-MPD">See above (MedicinalProductDefinition/Valocordin-Diazepam-10mg-1ml-Oral-drps-sol-EE-MPD)</a></p><p><b>administrableDoseForm</b>: Oral drops, solution <span style="background: LightGoldenRodYellow; margin: 4px; border: 1px solid khaki"> (200000000004#100000073642)</span></p><p><b>unitOfPresentation</b>: Drop <span style="background: LightGoldenRodYellow; margin: 4px; border: 1px solid khaki"> (200000000014#200000002121)</span></p><p><b>producedFrom</b>: <a href="#ManufacturedItemDefinition_Valocordin-Diazepam-10mg-1ml-Oral-drps-sol-EE-MID">See above (ManufacturedItemDefinition/Valocordin-Diazepam-10mg-1ml-Oral-drps-sol-EE-MID)</a></p><h3>RouteOfAdministrations</h3><table class="grid"><tr><td>-</td><td><b>Code</b></td></tr><tr><td>*</td><td>Oral use <span style="background: LightGoldenRodYellow; margin: 4px; border: 1px solid khaki"> (100000073345#100000073619)</span></td></tr></table></div>
        </text>
        <status value="active"/>
        <formOf>
          <reference value="MedicinalProductDefinition/Valocordin-Diazepam-10mg-1ml-Oral-drps-sol-EE-MPD"/>
        </formOf>
        <administrableDoseForm>
          <coding>
            <system value="https://spor.ema.europa.eu/v1/lists/200000000004"/>
            <code value="100000073642"/>
            <display value="Oral drops, solution"/>
          </coding>
        </administrableDoseForm>
        <unitOfPresentation>
          <coding>
            <system value="https://spor.ema.europa.eu/v1/lists/200000000014"/>
            <code value="200000002121"/>
            <display value="Drop"/>
          </coding>
        </unitOfPresentation>
        <producedFrom>
          <reference value="ManufacturedItemDefinition/Valocordin-Diazepam-10mg-1ml-Oral-drps-sol-EE-MID"/>
        </producedFrom>
        <routeOfAdministration>
          <code>
            <coding>
              <system value="https://spor.ema.europa.eu/v1/lists/100000073345"/>
              <code value="100000073619"/>
              <display value="Oral use"/>
            </coding>
          </code>
        </routeOfAdministration>
      </AdministrableProductDefinition>
    </resource>
    <request>
      <method value="PUT"/>
      <url value="AdministrableProductDefinition/Valocordin-Diazepam-10mg-1ml-Oral-drps-sol-EE-APD"/>
    </request>
  </entry>
  <entry>
    <resource>
      <ManufacturedItemDefinition>
        <id value="Valocordin-Diazepam-10mg-1ml-Oral-drps-sol-EE-MID"/>
        <text>
          <status value="generated"/><div xmlns="http://www.w3.org/1999/xhtml"><p><b>Generated Narrative: ManufacturedItemDefinition</b></p><div style="display: inline-block; background-color: #d9e0e7; padding: 6px; margin: 4px; border: 1px solid #8da1b4; border-radius: 5px; line-height: 60%"><p style="margin-bottom: 0px">Resource ManufacturedItemDefinition "Valocordin-Diazepam-10mg-1ml-Oral-drps-sol-EE-MID" </p></div><p><b>status</b>: active</p><p><b>manufacturedDoseForm</b>: Oral drops, solution <span style="background: LightGoldenRodYellow; margin: 4px; border: 1px solid khaki"> (200000000004#100000073642)</span></p><p><b>unitOfPresentation</b>: Bottle <span style="background: LightGoldenRodYellow; margin: 4px; border: 1px solid khaki"> (200000000014#200000002111)</span></p></div>
        </text>
        <status value="active"/>
        <manufacturedDoseForm>
          <coding>
            <system value="https://spor.ema.europa.eu/v1/lists/200000000004"/>
            <code value="100000073642"/>
            <display value="Oral drops, solution"/>
          </coding>
        </manufacturedDoseForm>
        <unitOfPresentation>
          <coding>
            <system value="https://spor.ema.europa.eu/v1/lists/200000000014"/>
            <code value="200000002111"/>
            <display value="Bottle"/>
          </coding>
        </unitOfPresentation>
      </ManufacturedItemDefinition>
    </resource>
    <request>
      <method value="PUT"/>
      <url value="ManufacturedItemDefinition/Valocordin-Diazepam-10mg-1ml-Oral-drps-sol-EE-MID"/>
    </request>
  </entry>
  <entry>
    <resource>
      <Ingredient>
        <id value="Valocordin-Diazepam-10mg-1ml-Oral-drps-sol-EE-I"/>
        <text>
          <status value="generated"/><div xmlns="http://www.w3.org/1999/xhtml"><p><b>Generated Narrative: Ingredient</b></p><div style="display: inline-block; background-color: #d9e0e7; padding: 6px; margin: 4px; border: 1px solid #8da1b4; border-radius: 5px; line-height: 60%"><p style="margin-bottom: 0px">Resource Ingredient "Valocordin-Diazepam-10mg-1ml-Oral-drps-sol-EE-I" </p></div><p><b>status</b>: active</p><p><b>for</b>: </p><ul><li><a href="#MedicinalProductDefinition_Valocordin-Diazepam-10mg-1ml-Oral-drps-sol-EE-MPD">See above (MedicinalProductDefinition/Valocordin-Diazepam-10mg-1ml-Oral-drps-sol-EE-MPD)</a></li><li><a href="#ManufacturedItemDefinition_Valocordin-Diazepam-10mg-1ml-Oral-drps-sol-EE-MID">See above (ManufacturedItemDefinition/Valocordin-Diazepam-10mg-1ml-Oral-drps-sol-EE-MID)</a></li><li><a href="#AdministrableProductDefinition_Valocordin-Diazepam-10mg-1ml-Oral-drps-sol-EE-APD">See above (AdministrableProductDefinition/Valocordin-Diazepam-10mg-1ml-Oral-drps-sol-EE-APD)</a></li></ul><p><b>role</b>: Active <span style="background: LightGoldenRodYellow; margin: 4px; border: 1px solid khaki"> (100000072050#100000072072)</span></p><blockquote><p><b>substance</b></p><blockquote><p><b>strength</b></p><p><b>presentation</b>: </p></blockquote></blockquote><p><b style="color: maroon">Exception generating Narrative: null</b></p></div>
        </text>
        <status value="active"/>
        <for>
          <reference value="MedicinalProductDefinition/Valocordin-Diazepam-10mg-1ml-Oral-drps-sol-EE-MPD"/>
        </for>
        <for>
          <reference value="ManufacturedItemDefinition/Valocordin-Diazepam-10mg-1ml-Oral-drps-sol-EE-MID"/>
        </for>
        <for>
          <reference value="AdministrableProductDefinition/Valocordin-Diazepam-10mg-1ml-Oral-drps-sol-EE-APD"/>
        </for>
        <role>
          <coding>
            <system value="https://spor.ema.europa.eu/v1/lists/100000072050"/>
            <code value="100000072072"/>
            <display value="Active"/>
          </coding>
        </role>
        <substance>
          <code>
            <concept>
              <coding>
                <system value="https://spor.ema.europa.eu/v2/SubstanceDefinition"/>
                <code value="100000092362"/>
                <display value="DIAZEPAM"/>
              </coding>
            </concept>
          </code>
          <strength>
            <presentationRatio>
              <numerator>
                <value value="10"/>
                <comparator>
                  <extension url="http://ema.europa.eu/fhir/extension/comparator">
                    <valueCoding>
                      <system value="https://spor.ema.europa.eu/v1/lists/100000000008"/>
                      <code value="100000000049"/>
                      <display value="equal to"/>
                    </valueCoding>
                  </extension>
                </comparator>
                <unit value="milligram(s)"/>
                <system value="https://spor.ema.europa.eu/v1/lists/100000110633"/>
                <code value="100000110655"/>
              </numerator>
              <denominator>
                <value value="28"/>
                <unit value="Drop"/>
                <system value="https://spor.ema.europa.eu/v1/lists/200000000014"/>
                <code value="200000002121"/>
              </denominator>
            </presentationRatio>
          </strength>
          <strength>
            <concentrationRatio>
              <numerator>
                <value value="10"/>
                <comparator>
                  <extension url="http://ema.europa.eu/fhir/extension/comparator">
                    <valueCoding>
                      <system value="https://spor.ema.europa.eu/v1/lists/100000000008"/>
                      <code value="100000000049"/>
                      <display value="equal to"/>
                    </valueCoding>
                  </extension>
                </comparator>
                <unit value="milligram(s)"/>
                <system value="https://spor.ema.europa.eu/v1/lists/100000110633"/>
                <code value="100000110655"/>
              </numerator>
              <denominator>
                <value value="1"/>
                <unit value="millilitre(s)"/>
                <system value="https://spor.ema.europa.eu/v1/lists/100000110633"/>
                <code value="100000110662"/>
              </denominator>
            </concentrationRatio>
          </strength>
        </substance>
      </Ingredient>
    </resource>
    <request>
      <method value="PUT"/>
      <url value="Ingredient/Valocordin-Diazepam-10mg-1ml-Oral-drps-sol-EE-I"/>
    </request>
  </entry>
  <entry>
    <resource>
      <PackagedProductDefinition>
        <id value="Valocordin-Diazepam-10mg-1ml-Oral-drps-sol-EE-PPD-1001462"/>
        <text>
          <status value="extensions"/><div xmlns="http://www.w3.org/1999/xhtml"><p><b>Generated Narrative: PackagedProductDefinition</b></p><div style="display: inline-block; background-color: #d9e0e7; padding: 6px; margin: 4px; border: 1px solid #8da1b4; border-radius: 5px; line-height: 60%"><p style="margin-bottom: 0px">Resource PackagedProductDefinition "Valocordin-Diazepam-10mg-1ml-Oral-drps-sol-EE-PPD-1001462" </p></div><p><b>Extension Definition for PackagedProductDefinition.containedItemQuantity for Version 5.0</b>: 1 Bottle<span style="background: LightGoldenRodYellow"> (Details: http://spor.ema.europa.eu/v1/lists/200000000014 code 200000002111 = '200000002111')</span></p><p><b>identifier</b>: id: EE-100007515-8998-1001462</p><p><b>packageFor</b>: <a href="#MedicinalProductDefinition_Valocordin-Diazepam-10mg-1ml-Oral-drps-sol-EE-MPD">See above (MedicinalProductDefinition/Valocordin-Diazepam-10mg-1ml-Oral-drps-sol-EE-MPD)</a></p><p><b>description</b>: Ümar, kollakast klaasist pudel, mis sisaldab 25 ml lahust.</p><blockquote><p><b>package</b></p><p><b>type</b>: Box <span style="background: LightGoldenRodYellow; margin: 4px; border: 1px solid khaki"> (100000073346#100000073498)</span></p><p><b>quantity</b>: 1</p><p><b>material</b>: Cardboard <span style="background: LightGoldenRodYellow; margin: 4px; border: 1px solid khaki"> (200000003199#200000003529)</span></p><blockquote><p><b>package</b></p><p><b>type</b>: Bottle <span style="background: LightGoldenRodYellow; margin: 4px; border: 1px solid khaki"> (100000073346#100000073497)</span></p><p><b>quantity</b>: 1</p><p><b>material</b>: Glass <span style="background: LightGoldenRodYellow; margin: 4px; border: 1px solid khaki"> (200000003199#200000003203)</span></p></blockquote></blockquote></div>
        </text>
        <extension url="http://hl7.org/fhir/5.0/StructureDefinition/extension-PackagedProductDefinition.containedItemQuantity">
          <valueQuantity>
            <value value="1"/>
            <unit value="Bottle"/>
            <system value="http://spor.ema.europa.eu/v1/lists/200000000014"/>
            <code value="200000002111"/>
          </valueQuantity>
        </extension>
        <identifier>
          <system value="http://ema.europa.eu/example/pcid"/>
          <value value="EE-100007515-8998-1001462"/>
        </identifier>
        <packageFor>
          <reference value="MedicinalProductDefinition/Valocordin-Diazepam-10mg-1ml-Oral-drps-sol-EE-MPD"/>
        </packageFor>
        <description value="Ümar, kollakast klaasist pudel, mis sisaldab 25 ml lahust.">
          <extension url="http://ema.europa.eu/fhir/extension/language">
            <valueCoding>
              <system value="https://spor.ema.europa.eu/v1/lists/100000072057"/>
              <code value="100000072172"/>
              <display value="Estonian"/>
            </valueCoding>
          </extension>
        </description>
        <marketingStatus>
          <country>
            <coding>
              <system value="https://spor.ema.europa.eu/v1/lists/100000000002"/>
              <code value="100000000388"/>
              <display value="Republic of Estonia"/>
            </coding>
          </country>
          <status>
            <coding>
              <system value="https://spor.ema.europa.eu/v1/lists/100000072052"/>
              <code value="100000072083"/>
              <display value="Marketed"/>
            </coding>
          </status>
        </marketingStatus>
        <package>
          <type>
            <coding>
              <system value="https://spor.ema.europa.eu/v1/lists/100000073346"/>
              <code value="100000073498"/>
              <display value="Box"/>
            </coding>
          </type>
          <quantity value="1"/>
          <material>
            <coding>
              <system value="https://spor.ema.europa.eu/v1/lists/200000003199"/>
              <code value="200000003529"/>
              <display value="Cardboard"/>
            </coding>
          </material>
          <package>
            <type>
              <coding>
                <system value="https://spor.ema.europa.eu/v1/lists/100000073346"/>
                <code value="100000073497"/>
                <display value="Bottle"/>
              </coding>
            </type>
            <quantity value="1"/>
            <material>
              <coding>
                <system value="https://spor.ema.europa.eu/v1/lists/200000003199"/>
                <code value="200000003203"/>
                <display value="Glass"/>
              </coding>
            </material>
            <containedItem>
              <item>
                <reference>
                  <reference value="ManufacturedItemDefinition/Valocordin-Diazepam-10mg-1ml-Oral-drps-sol-EE-MID"/>
                </reference>
              </item>
              <amount>
                <value value="25"/>
                <unit value="millilitre(s) "/>
                <system value="https://spor.ema.europa.eu/v1/lists/100000110633"/>
                <code value="100000110662"/>
              </amount>
            </containedItem>
          </package>
        </package>
      </PackagedProductDefinition>
    </resource>
    <request>
      <method value="PUT"/>
      <url value="PackagedProductDefinition/Valocordin-Diazepam-10mg-1ml-Oral-drps-sol-EE-PPD-1001462"/>
    </request>
  </entry>
</Bundle>