<?xml version="1.0" encoding="UTF-8"?>

<ManufacturedItemDefinition xmlns="http://hl7.org/fhir">
  <id value="Paracetamol-Kabi-10mg-1ml-solinj-EE-MID-1424056"/>
  <text>
    <status value="generated"/><div xmlns="http://www.w3.org/1999/xhtml"><p><b>Generated Narrative: ManufacturedItemDefinition</b></p><div style="display: inline-block; background-color: #d9e0e7; padding: 6px; margin: 4px; border: 1px solid #8da1b4; border-radius: 5px; line-height: 60%"><p style="margin-bottom: 0px">Resource ManufacturedItemDefinition "Paracetamol-Kabi-10mg-1ml-solinj-EE-MID-1424056" </p></div><p><b>status</b>: active</p><p><b>manufacturedDoseForm</b>: Solution for infusion <span style="background: LightGoldenRodYellow; margin: 4px; border: 1px solid khaki"> (200000000004#100000073870)</span></p><p><b>unitOfPresentation</b>: Bag <span style="background: LightGoldenRodYellow; margin: 4px; border: 1px solid khaki"> (200000000014#200000002166)</span></p></div>
  </text>
  <status value="active"/>
  <manufacturedDoseForm>
    <coding>
      <system value="https://spor.ema.europa.eu/v1/lists/200000000004"/>
      <code value="100000073870"/>
      <display value="Solution for infusion"/>
    </coding>
  </manufacturedDoseForm>
  <unitOfPresentation>
    <coding>
      <system value="https://spor.ema.europa.eu/v1/lists/200000000014"/>
      <code value="200000002166"/>
      <display value="Bag"/>
    </coding>
  </unitOfPresentation>
</ManufacturedItemDefinition>