{
  "resourceType": "AdministrableProductDefinition",
  "id": "Qlaira-f-c-tb-EE-APD-light-yellow",
  "text": {
    "status": "generated",
    "div": "<div xmlns=\"http://www.w3.org/1999/xhtml\"><p><b>Generated Narrative: AdministrableProductDefinition</b></p><div style=\"display: inline-block; background-color: #d9e0e7; padding: 6px; margin: 4px; border: 1px solid #8da1b4; border-radius: 5px; line-height: 60%\"><p style=\"margin-bottom: 0px\">Resource AdministrableProductDefinition \"Qlaira-f-c-tb-EE-APD-light-yellow\" </p></div><p><b>status</b>: active</p><p><b>formOf</b>: <a href=\"MedicinalProductDefinition-Qlaira-f-c-tb-EE-MPD.html\">MedicinalProductDefinition/Qlaira-f-c-tb-EE-MPD</a></p><p><b>administrableDoseForm</b>: Film-coated tablet <span style=\"background: LightGoldenRodYellow; margin: 4px; border: 1px solid khaki\"> (200000000004#100000073665)</span></p><p><b>unitOfPresentation</b>: Tablet <span style=\"background: LightGoldenRodYellow; margin: 4px; border: 1px solid khaki\"> (200000000014#200000002152)</span></p><p><b>producedFrom</b>: <a href=\"ManufacturedItemDefinition-Qlaira-f-c-tb-EE-MID-light-yellow.html\">ManufacturedItemDefinition/Qlaira-f-c-tb-EE-MID-light-yellow</a></p><h3>RouteOfAdministrations</h3><table class=\"grid\"><tr><td>-</td><td><b>Code</b></td></tr><tr><td>*</td><td>Oral use <span style=\"background: LightGoldenRodYellow; margin: 4px; border: 1px solid khaki\"> (100000073345#100000073619)</span></td></tr></table></div>"
  },
  "status": "active",
  "formOf": [
    {
      "reference": "MedicinalProductDefinition/Qlaira-f-c-tb-EE-MPD"
    }
  ],
  "administrableDoseForm": {
    "coding": [
      {
        "system": "https://spor.ema.europa.eu/v1/lists/200000000004",
        "code": "100000073665",
        "display": "Film-coated tablet"
      }
    ]
  },
  "unitOfPresentation": {
    "coding": [
      {
        "system": "https://spor.ema.europa.eu/v1/lists/200000000014",
        "code": "200000002152",
        "display": "Tablet"
      }
    ]
  },
  "producedFrom": [
    {
      "reference": "ManufacturedItemDefinition/Qlaira-f-c-tb-EE-MID-light-yellow"
    }
  ],
  "routeOfAdministration": [
    {
      "code": {
        "coding": [
          {
            "system": "https://spor.ema.europa.eu/v1/lists/100000073345",
            "code": "100000073619",
            "display": "Oral use"
          }
        ]
      }
    }
  ]
}