{
  "resourceType": "MedicinalProductDefinition",
  "id": "Metfogamma850-850mg-f-c-tb-EE-MPD",
  "text": {
    "status": "generated",
    "div": "<div xmlns=\"http://www.w3.org/1999/xhtml\"><p><b>Generated Narrative: MedicinalProductDefinition</b></p><div style=\"display: inline-block; background-color: #d9e0e7; padding: 6px; margin: 4px; border: 1px solid #8da1b4; border-radius: 5px; line-height: 60%\"><p style=\"margin-bottom: 0px\">Resource MedicinalProductDefinition \"Metfogamma850-850mg-f-c-tb-EE-MPD\" </p></div><p><b>identifier</b>: id: 0000000000016, id: EE-100054619-15616</p><p><b>domain</b>: Human use <span style=\"background: LightGoldenRodYellow; margin: 4px; border: 1px solid khaki\"> (100000000004#100000000012)</span></p><p><b>status</b>: Current <span style=\"background: LightGoldenRodYellow; margin: 4px; border: 1px solid khaki\"> (200000005003#200000005004; <a href=\"http://build.fhir.org/codesystem-publication-status.html\">PublicationStatus</a>#active \"Active\")</span></p><p><b>legalStatusOfSupply</b>: Medicinal Product subject to medical prescription <span style=\"background: LightGoldenRodYellow; margin: 4px; border: 1px solid khaki\"> (100000072051#100000072084)</span></p><p><b>additionalMonitoringIndicator</b>: False <span style=\"background: LightGoldenRodYellow; margin: 4px; border: 1px solid khaki\"> (additionalMonitoringIndicator#False)</span></p><p><b>classification</b>: Metformin <span style=\"background: LightGoldenRodYellow; margin: 4px; border: 1px solid khaki\"> (100000093533#100000094031; <a href=\"http://terminology.hl7.org/3.0.0/CodeSystem-atc.html\">WHO ATC</a>#A10BA02 \"Metformin \")</span></p><blockquote><p><b>name</b></p><p><b>productName</b>: Metfogamma 850, 850 mg õhukese polümeerikattega tabletid </p><blockquote><p><b>namePart</b></p><p><b>part</b>: Metfogamma 850</p><p><b>type</b>: Invented name part <span style=\"background: LightGoldenRodYellow; margin: 4px; border: 1px solid khaki\"> (220000000000#220000000002)</span></p></blockquote><blockquote><p><b>namePart</b></p><p><b>part</b>: 850 mg</p><p><b>type</b>: Strength part <span style=\"background: LightGoldenRodYellow; margin: 4px; border: 1px solid khaki\"> (220000000000#220000000004)</span></p></blockquote><blockquote><p><b>namePart</b></p><p><b>part</b>: õhukese polümeerikattega tabletid</p><p><b>type</b>: Pharmaceutical dose form part <span style=\"background: LightGoldenRodYellow; margin: 4px; border: 1px solid khaki\"> (220000000000#220000000005)</span></p></blockquote><h3>CountryLanguages</h3><table class=\"grid\"><tr><td>-</td><td><b>Country</b></td><td><b>Language</b></td></tr><tr><td>*</td><td>Republic of Estonia <span style=\"background: LightGoldenRodYellow; margin: 4px; border: 1px solid khaki\"> (100000000002#100000000388)</span></td><td>Estonian <span style=\"background: LightGoldenRodYellow; margin: 4px; border: 1px solid khaki\"> (100000072057#100000072172)</span></td></tr></table></blockquote></div>"
  },
  "extension": [
    {
      "url": "http://ema.europa.eu/fhir/extension/authorisedDoseForm",
      "valueCoding": {
        "system": "https://spor.ema.europa.eu/v1/lists/200000000004",
        "code": "100000073665",
        "display": "Film-coated tablet"
      }
    }
  ],
  "identifier": [
    {
      "system": "http://ema.europa.eu/fhir/pmsId",
      "value": "0000000000016"
    },
    {
      "system": "http://ema.europa.eu/fhir/mpId",
      "value": "EE-100054619-15616"
    }
  ],
  "domain": {
    "coding": [
      {
        "system": "https://spor.ema.europa.eu/v1/lists/100000000004",
        "code": "100000000012",
        "display": "Human use"
      }
    ]
  },
  "status": {
    "coding": [
      {
        "system": "https://spor.ema.europa.eu/v1/lists/200000005003",
        "code": "200000005004",
        "display": "Current"
      },
      {
        "system": "http://hl7.org/fhir/publication-status",
        "code": "active",
        "display": "Active"
      }
    ]
  },
  "legalStatusOfSupply": {
    "coding": [
      {
        "system": "https://spor.ema.europa.eu/v1/lists/100000072051",
        "code": "100000072084",
        "display": "Medicinal Product subject to medical prescription"
      }
    ]
  },
  "additionalMonitoringIndicator": {
    "coding": [
      {
        "system": "http://ema.europa.eu/fhir/additionalMonitoringIndicator",
        "code": "False",
        "display": "False"
      }
    ]
  },
  "classification": [
    {
      "coding": [
        {
          "system": "https://spor.ema.europa.eu/v1/lists/100000093533",
          "code": "100000094031",
          "display": "Metformin"
        },
        {
          "system": "http://www.whocc.no/atc",
          "code": "A10BA02",
          "display": "Metformin "
        }
      ]
    }
  ],
  "name": [
    {
      "productName": "Metfogamma 850, 850 mg õhukese polümeerikattega tabletid ",
      "namePart": [
        {
          "part": "Metfogamma 850",
          "type": {
            "coding": [
              {
                "system": "https://spor.ema.europa.eu/v1/lists/220000000000",
                "code": "220000000002",
                "display": "Invented name part"
              }
            ]
          }
        },
        {
          "part": "850 mg",
          "type": {
            "coding": [
              {
                "system": "https://spor.ema.europa.eu/v1/lists/220000000000",
                "code": "220000000004",
                "display": "Strength part"
              }
            ]
          }
        },
        {
          "part": "õhukese polümeerikattega tabletid",
          "type": {
            "coding": [
              {
                "system": "https://spor.ema.europa.eu/v1/lists/220000000000",
                "code": "220000000005",
                "display": "Pharmaceutical dose form part"
              }
            ]
          }
        }
      ],
      "countryLanguage": [
        {
          "country": {
            "coding": [
              {
                "system": "https://spor.ema.europa.eu/v1/lists/100000000002",
                "code": "100000000388",
                "display": "Republic of Estonia"
              }
            ]
          },
          "language": {
            "coding": [
              {
                "system": "https://spor.ema.europa.eu/v1/lists/100000072057",
                "code": "100000072172",
                "display": "Estonian"
              }
            ]
          }
        }
      ]
    }
  ]
}