{
  "resourceType": "MedicinalProductDefinition",
  "id": "Toujeo-300units-ml-solinj-pen-EE-MPD",
  "text": {
    "status": "generated",
    "div": "<div xmlns=\"http://www.w3.org/1999/xhtml\"><p><b>Generated Narrative: MedicinalProductDefinition</b></p><div style=\"display: inline-block; background-color: #d9e0e7; padding: 6px; margin: 4px; border: 1px solid #8da1b4; border-radius: 5px; line-height: 60%\"><p style=\"margin-bottom: 0px\">Resource MedicinalProductDefinition \"Toujeo-300units-ml-solinj-pen-EE-MPD\" </p></div><p><b>identifier</b>: id: EE-ML6602-32176</p><p><b>domain</b>: Human use <span style=\"background: LightGoldenRodYellow; margin: 4px; border: 1px solid khaki\"> (100000000004#100000000027)</span></p><p><b>status</b>: Current <span style=\"background: LightGoldenRodYellow; margin: 4px; border: 1px solid khaki\"> (200000005003#200000005004)</span></p><p><b>legalStatusOfSupply</b>: Medicinal product subject to medical prescription <span style=\"background: LightGoldenRodYellow; margin: 4px; border: 1px solid khaki\"> (100000072051#100000072084)</span></p><p><b>classification</b>: Insulin glargine  <span style=\"background: LightGoldenRodYellow; margin: 4px; border: 1px solid khaki\"> (100000093533#100000094023; <a href=\"http://terminology.hl7.org/3.0.0/CodeSystem-atc.html\">WHO ATC</a>#A10AE04 \"Insulin glargine\")</span></p><blockquote><p><b>name</b></p><p><b>productName</b>: Toujeo SoloStar 300 ühikut/ml, süstelahus pen-süstlis</p><blockquote><p><b>namePart</b></p><p><b>part</b>: Toujeo SoloStar</p><p><b>type</b>: Invented Name Part <span style=\"background: LightGoldenRodYellow; margin: 4px; border: 1px solid khaki\"> (220000000000#220000000002)</span></p></blockquote><blockquote><p><b>namePart</b></p><p><b>part</b>: 300 ühikut/ml</p><p><b>type</b>: Strength part <span style=\"background: LightGoldenRodYellow; margin: 4px; border: 1px solid khaki\"> (220000000000#220000000004)</span></p></blockquote><blockquote><p><b>namePart</b></p><p><b>part</b>: süstelahus pen-süstlis</p><p><b>type</b>: Pharmaceutical dose form part <span style=\"background: LightGoldenRodYellow; margin: 4px; border: 1px solid khaki\"> (220000000000#220000000005)</span></p></blockquote><h3>CountryLanguages</h3><table class=\"grid\"><tr><td>-</td><td><b>Country</b></td><td><b>Language</b></td></tr><tr><td>*</td><td>Republic of Estonia <span style=\"background: LightGoldenRodYellow; margin: 4px; border: 1px solid khaki\"> (100000000002#100000000388)</span></td><td>Estonian <span style=\"background: LightGoldenRodYellow; margin: 4px; border: 1px solid khaki\"> (100000072057#100000072172)</span></td></tr></table></blockquote></div>"
  },
  "extension": [
    {
      "url": "http://ema.europa.eu/fhir/extension/authorisedDoseForm",
      "valueCoding": {
        "system": "https://spor.ema.europa.eu/v1/lists/200000000004",
        "code": "100000073863",
        "display": "Solution for injection "
      }
    }
  ],
  "identifier": [
    {
      "system": "http://ema.europa.eu/fhir/mpId",
      "value": "EE-ML6602-32176"
    }
  ],
  "domain": {
    "coding": [
      {
        "system": "https://spor.ema.europa.eu/v1/lists/100000000004",
        "code": "100000000027",
        "display": "Human use"
      }
    ]
  },
  "status": {
    "coding": [
      {
        "system": "https://spor.ema.europa.eu/v1/lists/200000005003",
        "code": "200000005004",
        "display": "Current"
      }
    ]
  },
  "legalStatusOfSupply": {
    "coding": [
      {
        "system": "https://spor.ema.europa.eu/v1/lists/100000072051",
        "code": "100000072084",
        "display": "Medicinal product subject to medical prescription"
      }
    ]
  },
  "classification": [
    {
      "coding": [
        {
          "system": "https://spor.ema.europa.eu/v1/lists/100000093533",
          "code": "100000094023",
          "display": "Insulin glargine "
        },
        {
          "system": "http://www.whocc.no/atc",
          "code": "A10AE04",
          "display": "Insulin glargine"
        }
      ]
    }
  ],
  "name": [
    {
      "productName": "Toujeo SoloStar 300 ühikut/ml, süstelahus pen-süstlis",
      "namePart": [
        {
          "part": "Toujeo SoloStar",
          "type": {
            "coding": [
              {
                "system": "https://spor.ema.europa.eu/v1/lists/220000000000",
                "code": "220000000002",
                "display": "Invented Name Part"
              }
            ]
          }
        },
        {
          "part": "300 ühikut/ml",
          "type": {
            "coding": [
              {
                "system": "https://spor.ema.europa.eu/v1/lists/220000000000",
                "code": "220000000004",
                "display": "Strength part"
              }
            ]
          }
        },
        {
          "part": "süstelahus pen-süstlis",
          "type": {
            "coding": [
              {
                "system": "https://spor.ema.europa.eu/v1/lists/220000000000",
                "code": "220000000005",
                "display": "Pharmaceutical dose form part"
              }
            ]
          }
        }
      ],
      "countryLanguage": [
        {
          "country": {
            "coding": [
              {
                "system": "https://spor.ema.europa.eu/v1/lists/100000000002",
                "code": "100000000388",
                "display": "Republic of Estonia"
              }
            ]
          },
          "language": {
            "coding": [
              {
                "system": "https://spor.ema.europa.eu/v1/lists/100000072057",
                "code": "100000072172",
                "display": "Estonian"
              }
            ]
          }
        }
      ]
    }
  ]
}