{
  "resourceType": "PackagedProductDefinition",
  "id": "Zoladex-3.6mg-Implant-EE-PPD-1002621",
  "text": {
    "status": "extensions",
    "div": "<div xmlns=\"http://www.w3.org/1999/xhtml\"><p><b>Generated Narrative: PackagedProductDefinition</b></p><div style=\"display: inline-block; background-color: #d9e0e7; padding: 6px; margin: 4px; border: 1px solid #8da1b4; border-radius: 5px; line-height: 60%\"><p style=\"margin-bottom: 0px\">Resource PackagedProductDefinition \"Zoladex-3.6mg-Implant-EE-PPD-1002621\" </p></div><p><b>Extension Definition for PackagedProductDefinition.containedItemQuantity for Version 5.0</b>: 1 Syringe<span style=\"background: LightGoldenRodYellow\"> (Details: http://spor.ema.europa.eu/v1/lists/200000000014 code 200000002150 = '200000002150')</span></p><p><b>identifier</b>: id: EE-EE-100014112-12130-1002621</p><p><b>packageFor</b>: <a href=\"MedicinalProductDefinition-Zoladex-3.6mg-Implant-EE-MPD.html\">MedicinalProductDefinition/Zoladex-3.6mg-Implant-EE-MPD</a></p><p><b>description</b>: Üht implantaati sisaldav Safe System nõela kaitsva kattega süstel.</p><blockquote><p><b>package</b></p><p><b>type</b>: Box <span style=\"background: LightGoldenRodYellow; margin: 4px; border: 1px solid khaki\"> (100000073346#100000073498)</span></p><p><b>quantity</b>: 1</p><p><b>material</b>: Cardboard <span style=\"background: LightGoldenRodYellow; margin: 4px; border: 1px solid khaki\"> (200000003199#200000003529)</span></p><blockquote><p><b>package</b></p><p><b>type</b>: Pre-filled syringe <span style=\"background: LightGoldenRodYellow; margin: 4px; border: 1px solid khaki\"> (100000073346#100000073544)</span></p><p><b>quantity</b>: 1</p></blockquote></blockquote></div>"
  },
  "extension": [
    {
      "url": "http://hl7.org/fhir/5.0/StructureDefinition/extension-PackagedProductDefinition.containedItemQuantity",
      "valueQuantity": {
        "value": 1,
        "unit": "Syringe",
        "system": "http://spor.ema.europa.eu/v1/lists/200000000014",
        "code": "200000002150"
      }
    }
  ],
  "identifier": [
    {
      "system": "http://ema.europa.eu/example/pcid",
      "value": "EE-EE-100014112-12130-1002621"
    }
  ],
  "packageFor": [
    {
      "reference": "MedicinalProductDefinition/Zoladex-3.6mg-Implant-EE-MPD"
    }
  ],
  "description": "Üht implantaati sisaldav Safe System nõela kaitsva kattega süstel.",
  "_description": {
    "extension": [
      {
        "url": "http://ema.europa.eu/fhir/extension/language",
        "valueCoding": {
          "system": "https://spor.ema.europa.eu/v1/lists/100000072057",
          "code": "100000072172",
          "display": "Estonian"
        }
      }
    ]
  },
  "marketingStatus": [
    {
      "country": {
        "coding": [
          {
            "system": "https://spor.ema.europa.eu/v1/lists/100000000002",
            "code": "100000000388",
            "display": "Republic of Estonia"
          }
        ]
      },
      "status": {
        "coding": [
          {
            "system": "https://spor.ema.europa.eu/v1/lists/100000072052",
            "code": "100000072083",
            "display": "Marketed"
          }
        ]
      }
    }
  ],
  "package": {
    "type": {
      "coding": [
        {
          "system": "https://spor.ema.europa.eu/v1/lists/100000073346",
          "code": "100000073498",
          "display": "Box"
        }
      ]
    },
    "quantity": 1,
    "material": [
      {
        "coding": [
          {
            "system": "https://spor.ema.europa.eu/v1/lists/200000003199",
            "code": "200000003529",
            "display": "Cardboard"
          }
        ]
      }
    ],
    "package": [
      {
        "type": {
          "coding": [
            {
              "system": "https://spor.ema.europa.eu/v1/lists/100000073346",
              "code": "100000073544",
              "display": "Pre-filled syringe"
            }
          ]
        },
        "quantity": 1,
        "containedItem": [
          {
            "item": {
              "reference": {
                "reference": "ManufacturedItemDefinition/Zoladex-3.6mg-Implant-EE-MID"
              }
            },
            "amount": {
              "value": 1
            }
          }
        ]
      }
    ]
  }
}